Kannada,English
ಒಂದು,a
ತ್ಯಜಿಸು,abandon
ಸಾಮರ್ಥ್ಯ,ability
ಸಮರ್ಥ,able
ಗರ್ಭಪಾತ,abortion
ಬಗ್ಗೆ,about
ಮೇಲೆ,above
ವಿದೇಶದಲ್ಲಿ,abroad
ಅನುಪಸ್ಥಿತಿ,absence
ಸಂಪೂರ್ಣ,absolute
ಸಂಪೂರ್ಣವಾಗಿ,absolutely
ಹೀರಿಕೊಳ್ಳುತ್ತವೆ,absorb
ನಿಂದನೆ,abuse
ಶೈಕ್ಷಣಿಕ,academic
ಒಪ್ಪಿಕೊಳ್ಳಿ,accept
ಪ್ರವೇಶ,access
ಅಪಘಾತ,accident
ಜೊತೆಯಲ್ಲಿ,accompany
ಸಾಧಿಸು,accomplish
ಪ್ರಕಾರ,according
ಖಾತೆ,account
ನಿಖರವಾದ,accurate
ಆರೋಪಿಸುತ್ತಾರೆ,accuse
ಸಾಧಿಸು,achieve
ಸಾಧನೆ,achievement
ಆಮ್ಲ,acid
ಅಂಗೀಕರಿಸಿ,acknowledge
ಸ್ವಾಧೀನಪಡಿಸಿಕೊಳ್ಳಿ,acquire
ಅಡ್ಡಲಾಗಿ,across
ಕಾರ್ಯ,act
ಕ್ರಮ,action
ಸಕ್ರಿಯ,active
ಕಾರ್ಯಕರ್ತ,activist
ಚಟುವಟಿಕೆ,activity
ನಟ,actor
ನಟಿ,actress
ನಿಜವಾದ,actual
ವಾಸ್ತವವಾಗಿ,actually
ಜಾಹೀರಾತು,ad
ಅಳವಡಿಸಿಕೊಳ್ಳಿ,adapt
ಸೇರಿಸಿ,add
ಸೇರ್ಪಡೆ,addition
ಹೆಚ್ಚುವರಿ,additional
ವಿಳಾಸ,address
ಸಮರ್ಪಕ,adequate
ಸರಿಹೊಂದಿಸು,adjust
ಹೊಂದಾಣಿಕೆ,adjustment
ಆಡಳಿತ,administration
ನಿರ್ವಾಹಕ,administrator
ಅಚ್ಚುಮೆಚ್ಚು,admire
ಪ್ರವೇಶ,admission
ಒಪ್ಪಿಕೊಳ್ಳುತ್ತೇನೆ,admit
ಹರೆಯದ,adolescent
ಅಳವಡಿಸಿಕೊಳ್ಳಿ,adopt
ವಯಸ್ಕ,adult
ಮುಂಗಡ,advance
ಮುಂದುವರಿದ,advanced
ಅನುಕೂಲ,advantage
ಸಾಹಸ,adventure
ಜಾಹೀರಾತು,advertising
ಸಲಹೆ,advice
ಸಲಹೆ ನೀಡಿ,advise
ಸಲಹೆಗಾರ,adviser
ವಕೀಲ,advocate
ಸಂಬಂಧ,affair
ಪರಿಣಾಮ,affect
ಭರಿಸು,afford
ಹೆದರಿದ,afraid
ಆಫ್ರಿಕನ್,African
ಆಫ್ರಿಕನ್ ಅಮೆರಿಕನ್,African-American
ನಂತರ,after
ಮಧ್ಯಾಹ್ನ,afternoon
ಮತ್ತೆ,again
ವಿರುದ್ಧ,against
ವಯಸ್ಸು,age
ಸಂಸ್ಥೆ,agency
ಕಾರ್ಯಸೂಚಿ,agenda
ಏಜೆಂಟ್,agent
ಆಕ್ರಮಣಕಾರಿ,aggressive
ಹಿಂದೆ,ago
ಒಪ್ಪುತ್ತೇನೆ,agree
ಒಪ್ಪಂದ,agreement
ಕೃಷಿ,agricultural
ಮುಂದೆ,ahead
ನೆರವು,aid
ಸಹಾಯಕ,aide
ಏಡ್ಸ್,AIDS
ಗುರಿ,aim
ಗಾಳಿ,air
ವಿಮಾನ,aircraft
ವಿಮಾನಯಾನ,airline
ವಿಮಾನ ನಿಲ್ದಾಣ,airport
ಆಲ್ಬಮ್,album
ಮದ್ಯ,alcohol
ಜೀವಂತವಾಗಿ,alive
ಎಲ್ಲಾ,all
ಮೈತ್ರಿ,alliance
ಅವಕಾಶ,allow
ಮಿತ್ರ,ally
ಬಹುತೇಕ,almost
ಏಕಾಂಗಿಯಾಗಿ,alone
ಜೊತೆಗೆ,along
ಈಗಾಗಲೇ,already
ಸಹ,also
ಬದಲಾಯಿಸು,alter
ಪರ್ಯಾಯ,alternative
ಆದರೂ,although
ಯಾವಾಗಲೂ,always
ನಾನು,am
ಅದ್ಭುತ,amazing
ಅಮೇರಿಕನ್,American
ನಡುವೆ,among
ಮೊತ್ತ,amount
ಒಂದು,an
ವಿಶ್ಲೇಷಣೆ,analysis
ವಿಶ್ಲೇಷಕ,analyst
ವಿಶ್ಲೇಷಿಸು,analyze
ಪ್ರಾಚೀನ,ancient
ಮತ್ತು,and
ಕೋಪ,anger
ಕೋನ,angle
ಕೋಪಗೊಂಡ,angry
ಪ್ರಾಣಿ,animal
ವಾರ್ಷಿಕೋತ್ಸವ,anniversary
ಘೋಷಿಸಿ,announce
ವಾರ್ಷಿಕ,annual
ಇನ್ನೊಂದು,another
ಉತ್ತರ,answer
ನಿರೀಕ್ಷಿಸಿ,anticipate
ಆತಂಕ,anxiety
ಯಾವುದಾದರು,any
ಯಾರಾದರೂ,anybody
ಇನ್ನು ಮುಂದೆ,anymore
ಯಾರಾದರೂ,anyone
ಏನು,anything
ಹೇಗಾದರೂ,anyway
ಎಲ್ಲಿಯಾದರೂ,anywhere
ಹೊರತುಪಡಿಸಿ,apart
ಅಪಾರ್ಟ್ಮೆಂಟ್,apartment
ಸ್ಪಷ್ಟ,apparent
ಸ್ಪಷ್ಟವಾಗಿ,apparently
ಮನವಿಯನ್ನು,appeal
ಕಾಣಿಸಿಕೊಳ್ಳುತ್ತವೆ,appear
ನೋಟ,appearance
ಸೇಬು,apple
ಅಪ್ಲಿಕೇಶನ್,application
ಅನ್ವಯಿಸು,apply
ನೇಮಕ,appoint
ನೇಮಕಾತಿ,appointment
ಪ್ರಶಂಸಿಸುತ್ತೇವೆ,appreciate
ಅನುಸಂಧಾನ,approach
ಸೂಕ್ತ,appropriate
ಅನುಮೋದನೆ,approval
ಅನುಮೋದಿಸಿ,approve
ಸರಿಸುಮಾರು,approximately
ಅರಬ್,Arab
ವಾಸ್ತುಶಿಲ್ಪಿ,architect
ಇವೆ,are
ಪ್ರದೇಶ,area
ವಾದಿಸುತ್ತಾರೆ,argue
ವಾದ,argument
ಹುಟ್ಟಿಕೊಳ್ಳುತ್ತವೆ,arise
ತೋಳು,arm
ಶಸ್ತ್ರಸಜ್ಜಿತ,armed
ಸೇನೆ,army
ಸುತ್ತಲೂ,around
ವ್ಯವಸ್ಥೆ ಮಾಡಿ,arrange
ವ್ಯವಸ್ಥೆ,arrangement
ಬಂಧನ,arrest
ಆಗಮನ,arrival
ಆಗಮಿಸು,arrive
ಕಲೆ,art
ಲೇಖನ,article
ಕಲಾವಿದ,artist
ಕಲಾತ್ಮಕ,artistic
ನಂತೆ,as
ಏಷ್ಯನ್,Asian
ಪಕ್ಕಕ್ಕೆ,aside
ಕೇಳು,ask
ನಿದ್ದೆ,asleep
ಅಂಶ,aspect
ದಾಳಿ,assault
ಪ್ರತಿಪಾದಿಸು,assert
ಮೌಲ್ಯಮಾಪನ,assess
ಮೌಲ್ಯಮಾಪನ,assessment
ಆಸ್ತಿ,asset
ನಿಯೋಜಿಸಿ,assign
ನಿಯೋಜನೆ,assignment
ಸಹಾಯ,assist
ನೆರವು,assistance
ಸಹಾಯಕ,assistant
ಸಹವರ್ತಿ,associate
ಸಂಘ,association
ಊಹಿಸುತ್ತವೆ,assume
ಊಹೆ,assumption
ಭರವಸೆ,assure
ನಲ್ಲಿ,at
ಕ್ರೀಡಾಪಟು,athlete
ಅಥ್ಲೆಟಿಕ್,athletic
ವಾತಾವರಣ,atmosphere
ಪರಮಾಣು,atom
ಲಗತ್ತಿಸಿ,attach
ದಾಳಿ,attack
ಪ್ರಯತ್ನ,attempt
ಹಾಜರಾಗಲು,attend
ಗಮನ,attention
ವರ್ತನೆ,attitude
ವಕೀಲ,attorney
ಆಕರ್ಷಿಸು,attract
ಆಕರ್ಷಕ,attractive
ಗುಣಲಕ್ಷಣ,attribute
ಪ್ರೇಕ್ಷಕರು,audience
ಲೇಖಕ,author
ಅಧಿಕಾರ,authority
ಆಟೋ,auto
ಲಭ್ಯವಿದೆ,available
ಸರಾಸರಿ,average
ತಪ್ಪಿಸಲು,avoid
ಪ್ರಶಸ್ತಿ,award
ಅರಿವಾಗಿದೆ,aware
ಜಾಗೃತಿ,awareness
ದೂರ,away
ಭೀಕರ,awful
ಮಗು,baby
ಹಿಂದೆ,back
ಹಿನ್ನೆಲೆ,background
ಕೆಟ್ಟದು,bad
ಕೆಟ್ಟದಾಗಿ,badly
ಚೀಲ,bag
ತಯಾರಿಸಲು,bake
ಸಮತೋಲನ,balance
ಚೆಂಡು,ball
ನಿಷೇಧ,ban
ಬ್ಯಾಂಡ್,band
ಬ್ಯಾಂಕ್,bank
ಬಾರ್,bar
ಕೇವಲ,barely
ಬ್ಯಾರೆಲ್,barrel
ತಡೆಗೋಡೆ,barrier
ಬೇಸ್,base
ಬೇಸ್ ಬಾಲ್,baseball
ಮೂಲ,basic
ಮೂಲತಃ,basically
ಆಧಾರ,basis
ಬುಟ್ಟಿ,basket
ಬ್ಯಾಸ್ಕೆಟ್ ಬಾಲ್,basketball
ಬ್ಯಾಟ್,bat
ಸ್ನಾನಗೃಹ,bathroom
ಬ್ಯಾಟರಿ,battery
ಕದನ,battle
ಎಂದು,be
ಬೀಚ್,beach
ಹುರುಳಿ,bean
ಕರಡಿ,bear
ಬೀಟ್,beat
ಸುಂದರ,beautiful
ಸೌಂದರ್ಯ,beauty
ಏಕೆಂದರೆ,because
ಆಗಲು,become
ಹಾಸಿಗೆ,bed
ಮಲಗುವ ಕೋಣೆ,bedroom
ಆಗಿತ್ತು,been
ಬಿಯರ್,beer
ಮೊದಲು,before
ಆರಂಭವಾಯಿತು,began
ಆರಂಭಿಸಲು,begin
ಆರಂಭ,beginning
ನಡವಳಿಕೆ,behavior
ಹಿಂದೆ,behind
ಇರುವುದು,being
ನಂಬಿಕೆ,belief
ನಂಬಿಕೆ,believe
ಗಂಟೆ,bell
ಸೇರಿದ,belong
ಕೆಳಗೆ,below
ಬೆಲ್ಟ್,belt
ಬೆಂಚ್,bench
ಬಾಗಿ,bend
ಕೆಳಗೆ,beneath
ಲಾಭ,benefit
ಪಕ್ಕದಲ್ಲಿ,beside
ಜೊತೆಗೆ,besides
ಅತ್ಯುತ್ತಮ,best
ಬಾಜಿ,bet
ಉತ್ತಮ,better
ನಡುವೆ,between
ಆಚೆಗೆ,beyond
ಬೈಬಲ್,Bible
ದೊಡ್ಡ,big
ಬೈಕ್,bike
ಬಿಲ್,bill
ಶತಕೋಟಿ,billion
ಬಂಧಿಸು,bind
ಜೈವಿಕ,biological
ಹಕ್ಕಿ,bird
ಜನ್ಮ,birth
ಹುಟ್ಟುಹಬ್ಬ,birthday
ಬಿಟ್,bit
ಕಚ್ಚುವುದು,bite
ಕಪ್ಪು,black
ಬ್ಲೇಡ್,blade
ದೂರುವುದು,blame
ಹೊದಿಕೆ,blanket
ಬ್ಲೈಂಡ್,blind
ಬ್ಲಾಕ್,block
ರಕ್ತ,blood
ಊದು,blow
ನೀಲಿ,blue
ಬೋರ್ಡ್,board
ದೋಣಿ,boat
ದೇಹ,body
ಬಾಂಬ್,bomb
ಬಾಂಬ್ ದಾಳಿ,bombing
ಕರಾರುಪತ್ರ,bond
ಮೂಳೆ,bone
ಪುಸ್ತಕ,book
ಬೂಮ್,boom
ಬೂಟ್,boot
ಗಡಿ,border
ಹುಟ್ಟು,born
ಸಾಲ,borrow
ಮೇಲಧಿಕಾರಿ,boss
ಎರಡೂ,both
ತೊಂದರೆ,bother
ಬಾಟಲ್,bottle
ಕೆಳಗೆ,bottom
ಕೊಂಡರು,bought
ಗಡಿ,boundary
ಬೌಲ್,bowl
ಬಾಕ್ಸ್,box
ಹುಡುಗ,boy
ಗೆಳೆಯ,boyfriend
ಮೆದುಳು,brain
ಶಾಖೆ,branch
ಬ್ರಾಂಡ್,brand
ಬ್ರೆಡ್,bread
ವಿರಾಮ,break
ಉಪಹಾರ,breakfast
ಸ್ತನ,breast
ಉಸಿರು,breath
ಉಸಿರಾಡು,breathe
ಇಟ್ಟಿಗೆ,brick
ಸೇತುವೆ,bridge
ಸಂಕ್ಷಿಪ್ತ,brief
ಸಂಕ್ಷಿಪ್ತವಾಗಿ,briefly
ಪ್ರಕಾಶಮಾನವಾದ,bright
ಅದ್ಭುತ,brilliant
ತರಲು,bring
ಬ್ರಿಟಿಷ್,British
ವಿಶಾಲ,broad
ಮುರಿಯಿತು,broke
ಮುರಿದಿದೆ,broken
ಸಹೋದರ,brother
ತಂದರು,brought
ಕಂದು,brown
ಕುಂಚ,brush
ಬಕ್,buck
ಬಜೆಟ್,budget
ನಿರ್ಮಿಸಲು,build
ಕಟ್ಟಡ,building
ಗುಂಡು,bullet
ಗುಂಪನ್ನು,bunch
ಹೊರೆ,burden
ಸುಟ್ಟು,burn
ಸಮಾಧಿ,bury
ಬಸ್,bus
ವ್ಯಾಪಾರ,business
ನಿರತ,busy
ಆದರೆ,but
ಬೆಣ್ಣೆ,butter
ಬಟನ್,button
ಖರೀದಿ,buy
ಖರೀದಿದಾರ,buyer
ಮೂಲಕ,by
ಕ್ಯಾಬಿನ್,cabin
ಕ್ಯಾಬಿನೆಟ್,cabinet
ಕೇಬಲ್,cable
ಕೇಕ್,cake
ಲೆಕ್ಕಾಚಾರ,calculate
ಕರೆ,call
ಬಂದೆ,came
ಕ್ಯಾಮೆರಾ,camera
ಶಿಬಿರ,camp
ಪ್ರಚಾರ,campaign
ಕ್ಯಾಂಪಸ್,campus
ಮಾಡಬಹುದು,can
ಕೆನಡಿಯನ್,Canadian
ಕ್ಯಾನ್ಸರ್,cancer
ಅಭ್ಯರ್ಥಿ,candidate
ಕ್ಯಾಪ್,cap
ಸಾಮರ್ಥ್ಯ,capability
ಸಮರ್ಥ,capable
ಸಾಮರ್ಥ್ಯ,capacity
ಬಂಡವಾಳ,capital
ಕ್ಯಾಪ್ಟನ್,captain
ಸೆರೆಹಿಡಿಯುವಿಕೆ,capture
ಕಾರು,car
ಇಂಗಾಲ,carbon
ಕಾರ್ಡ್,card
ಕಾಳಜಿ,care
ವೃತ್ತಿ,career
ಎಚ್ಚರಿಕೆಯಿಂದ,careful
ಎಚ್ಚರಿಕೆಯಿಂದ,carefully
ವಾಹಕ,carrier
ಸಾಗಿಸು,carry
ಪ್ರಕರಣ,case
ನಗದು,cash
ಎರಕಹೊಯ್ದ,cast
ಬೆಕ್ಕು,cat
ಹಿಡಿಯಿರಿ,catch
ವರ್ಗ,category
ಕ್ಯಾಥೊಲಿಕ್,Catholic
ಹಿಡಿಯಲಾಗಿದೆ,caught
ಕಾರಣ,cause
ಚಾವಣಿ,ceiling
ಆಚರಿಸಿ,celebrate
ಆಚರಣೆ,celebration
ಸೆಲೆಬ್ರಿಟಿ,celebrity
ಕೋಶ,cell
ಸೆಂಟ್,cent
ಕೇಂದ್ರ,center
ಕೇಂದ್ರ,central
ಶತಮಾನ,century
ಸಿಇಒ,CEO
ಕಾರ್ಯಕ್ರಮ,ceremony
ಖಚಿತ,certain
ಖಂಡಿತವಾಗಿಯೂ,certainly
ಸರಪಳಿ,chain
ಕುರ್ಚಿ,chair
ಅಧ್ಯಕ್ಷ,chairman
ಸವಾಲು,challenge
ಚೇಂಬರ್,chamber
ಚಾಂಪಿಯನ್,champion
ಚಾಂಪಿಯನ್ ಶಿಪ್,championship
ಅವಕಾಶ,chance
ಬದಲಾವಣೆ,change
ಬದಲಾಗುತ್ತಿದೆ,changing
ಚಾನೆಲ್,channel
ಅಧ್ಯಾಯ,chapter
ಪಾತ್ರ,character
ಲಕ್ಷಣ,characteristic
ಗುಣಲಕ್ಷಣ,characterize
ಶುಲ್ಕ,charge
ದಾನ,charity
ಚಾರ್ಟ್,chart
ಬೆನ್ನಟ್ಟಿ,chase
ಅಗ್ಗ,cheap
ಪರಿಶೀಲಿಸಿ,check
ಕೆನ್ನೆ,cheek
ಗಿಣ್ಣು,cheese
ಬಾಣಸಿಗ,chef
ರಾಸಾಯನಿಕ,chemical
ಎದೆ,chest
ಮರಿ,chick
ಕೋಳಿ,chicken
ಮುಖ್ಯಸ್ಥ,chief
ಮಗು,child
ಬಾಲ್ಯ,childhood
ಮಕ್ಕಳು,children
ಚೈನೀಸ್,Chinese
ಚಿಪ್,chip
ಚಾಕೊಲೇಟ್,chocolate
ಆಯ್ಕೆ,choice
ಕೊಲೆಸ್ಟ್ರಾಲ್,cholesterol
ಆಯ್ಕೆ,choose
ಸ್ವರಮೇಳ,chord
ಕ್ರಿಶ್ಚಿಯನ್,Christian
ಕ್ರಿಸ್ಮಸ್,Christmas
ಚರ್ಚ್,church
ಸಿಗರೇಟ್,cigarette
ವೃತ್ತ,circle
ಸನ್ನಿವೇಶ,circumstance
ಉಲ್ಲೇಖ,cite
ನಾಗರಿಕ,citizen
ನಗರ,city
ನಾಗರಿಕ,civil
ನಾಗರಿಕ,civilian
ಹಕ್ಕು,claim
ವರ್ಗ,class
ಕ್ಲಾಸಿಕ್,classic
ತರಗತಿಯ,classroom
ಸ್ವಚ್ಛ,clean
ಸ್ಪಷ್ಟ,clear
ಸ್ಪಷ್ಟವಾಗಿ,clearly
ಗ್ರಾಹಕ,client
ಹವಾಮಾನ,climate
ಏರು,climb
ಕ್ಲಿನಿಕ್,clinic
ಕ್ಲಿನಿಕಲ್,clinical
ಗಡಿಯಾರ,clock
ಮುಚ್ಚಿ,close
ಹತ್ತಿರ,closely
ಹತ್ತಿರ,closer
ಬಟ್ಟೆ,clothe
ಬಟ್ಟೆ,clothes
ಬಟ್ಟೆ,clothing
ಮೋಡ,cloud
ಕ್ಲಬ್,club
ಸುಳಿವು,clue
ಕ್ಲಸ್ಟರ್,cluster
ತರಬೇತುದಾರ,coach
ಕಲ್ಲಿದ್ದಲು,coal
ಸಮ್ಮಿಶ್ರ,coalition
ಕರಾವಳಿ,coast
ಕೋಟ್,coat
ಕೋಡ್,code
ಕಾಫಿ,coffee
ಅರಿವಿನ,cognitive
ಶೀತ,cold
ಕುಸಿತ,collapse
ಸಹೋದ್ಯೋಗಿ,colleague
ಸಂಗ್ರಹಿಸಿ,collect
ಸಂಗ್ರಹ,collection
ಸಾಮೂಹಿಕ,collective
ಕಾಲೇಜು,college
ವಸಾಹತುಶಾಹಿ,colonial
ವಸಾಹತು,colony
ಬಣ್ಣ,color
ಅಂಕಣ,column
ಸಂಯೋಜನೆ,combination
ಒಗ್ಗೂಡಿ,combine
ಬನ್ನಿ,come
ಹಾಸ್ಯ,comedy
ಸೌಕರ್ಯ,comfort
ಆರಾಮದಾಯಕ,comfortable
ಆಜ್ಞೆ,command
ಕಮಾಂಡರ್,commander
ಕಾಮೆಂಟ್,comment
ವಾಣಿಜ್ಯ,commercial
ಆಯೋಗ,commission
ಬದ್ಧ,commit
ಬದ್ಧತೆ,commitment
ಸಮಿತಿ,committee
ಸಾಮಾನ್ಯ,common
ಸಂವಹನ,communicate
ಸಂವಹನ,communication
ಸಮುದಾಯ,community
ಕಂಪನಿ,company
ಹೋಲಿಸಿ,compare
ಹೋಲಿಕೆ,comparison
ಸ್ಪರ್ಧಿಸಿ,compete
ಸ್ಪರ್ಧೆ,competition
ಸ್ಪರ್ಧಾತ್ಮಕ,competitive
ಸ್ಪರ್ಧಿ,competitor
ದೂರು,complain
ದೂರು,complaint
ಸಂಪೂರ್ಣ,complete
ಸಂಪೂರ್ಣವಾಗಿ,completely
ಸಂಕೀರ್ಣ,complex
ಜಟಿಲವಾಗಿದೆ,complicated
ಘಟಕ,component
ರಚಿಸಿ,compose
ಸಂಯೋಜನೆ,composition
ಸಮಗ್ರ,comprehensive
ಕಂಪ್ಯೂಟರ್,computer
ಏಕಾಗ್ರತೆ,concentrate
ಏಕಾಗ್ರತೆ,concentration
ಪರಿಕಲ್ಪನೆ,concept
ಕಾಳಜಿ,concern
ಸಂಬಂಧಿಸಿದ,concerned
ಸಂಗೀತ ಕಚೇರಿ,concert
ತೀರ್ಮಾನಿಸಲು,conclude
ತೀರ್ಮಾನ,conclusion
ಕಾಂಕ್ರೀಟ್,concrete
ಸ್ಥಿತಿ,condition
ನಡೆಸುವುದು,conduct
ಸಮ್ಮೇಳನ,conference
ವಿಶ್ವಾಸ,confidence
ಆತ್ಮವಿಶ್ವಾಸ,confident
ದೃೀಕರಿಸಿ,confirm
ಸಂಘರ್ಷ,conflict
ಎದುರಿಸಲು,confront
ಗೊಂದಲ,confusion
ಕಾಂಗ್ರೆಸ್,Congress
ಕಾಂಗ್ರೆಸ್,congressional
ಸಂಪರ್ಕ,connect
ಸಂಪರ್ಕ,connection
ಪ್ರಜ್ಞೆ,consciousness
ಒಮ್ಮತ,consensus
ಪರಿಣಾಮ,consequence
ಸಂಪ್ರದಾಯವಾದಿ,conservative
ಪರಿಗಣಿಸಿ,consider
ಗಣನೀಯ,considerable
ಪರಿಗಣನೆ,consideration
ಒಳಗೊಂಡಿರುತ್ತವೆ,consist
ಸ್ಥಿರ,consistent
ವ್ಯಂಜನ,consonant
ನಿರಂತರ,constant
ನಿರಂತರವಾಗಿ,constantly
ರೂಪಿಸುತ್ತವೆ,constitute
ಸಾಂವಿಧಾನಿಕ,constitutional
ನಿರ್ಮಾಣ,construct
ನಿರ್ಮಾಣ,construction
ಸಲಹೆಗಾರ,consultant
ಸೇವಿಸುತ್ತಾರೆ,consume
ಗ್ರಾಹಕ,consumer
ಬಳಕೆ,consumption
ಸಂಪರ್ಕ,contact
ಹೊಂದಿರುತ್ತವೆ,contain
ಧಾರಕ,container
ಸಮಕಾಲೀನ,contemporary
ವಿಷಯ,content
ಸ್ಪರ್ಧೆ,contest
ಸನ್ನಿವೇಶ,context
ಖಂಡ,continent
ಮುಂದುವರೆಯಲು,continue
ಮುಂದುವರೆಯಿತು,continued
ಒಪ್ಪಂದ,contract
ವ್ಯತಿರಿಕ್ತ,contrast
ಕೊಡುಗೆ,contribute
ಕೊಡುಗೆ,contribution
ನಿಯಂತ್ರಣ,control
ವಿವಾದಾತ್ಮಕ,controversial
ವಿವಾದ,controversy
ಸಮಾವೇಶ,convention
ಸಾಂಪ್ರದಾಯಿಕ,conventional
ಸಂಭಾಷಣೆ,conversation
ಮತಾಂತರ,convert
ಕನ್ವಿಕ್ಷನ್,conviction
ಮನವರಿಕೆ,convince
ಅಡುಗೆ,cook
ಕುಕೀ,cookie
ಅಡುಗೆ,cooking
ತಂಪಾಗಿದೆ,cool
ಸಹಕಾರ,cooperation
ಪೊಲೀಸ್,cop
ನಿಭಾಯಿಸು,cope
ನಕಲು,copy
ಮೂಲ,core
ಜೋಳ,corn
ಮೂಲೆಯಲ್ಲಿ,corner
ಕಾರ್ಪೊರೇಟ್,corporate
ನಿಗಮ,corporation
ಸರಿ,correct
ವರದಿಗಾರ,correspondent
ವೆಚ್ಚ,cost
ಹತ್ತಿ,cotton
ಮಂಚದ,couch
ಸಾಧ್ಯವೋ,could
ಕೌನ್ಸಿಲ್,council
ಸಲಹೆಗಾರ,counselor
ಎಣಿಕೆ,count
ಕೌಂಟರ್,counter
ದೇಶ,country
ಕೌಂಟಿ,county
ದಂಪತಿಗಳು,couple
ಧೈರ್ಯ,courage
ಕೋರ್ಸ್,course
ನ್ಯಾಯಾಲಯ,court
ಸೋದರಸಂಬಂಧಿ,cousin
ಹೊದಿಕೆ,cover
ವ್ಯಾಪ್ತಿ,coverage
ಹಸು,cow
ಬಿರುಕು,crack
ಕರಕುಶಲ,craft
ಕುಸಿತ,crash
ಹುಚ್ಚು,crazy
ಕೆನೆ,cream
ಕ್ರೀಸ್,crease
ರಚಿಸಿ,create
ಸೃಷ್ಟಿ,creation
ಸೃಜನಶೀಲ,creative
ಜೀವಿ,creature
ಕ್ರೆಡಿಟ್,credit
ಸಿಬ್ಬಂದಿ,crew
ಅಪರಾಧ,crime
ಕ್ರಿಮಿನಲ್,criminal
ಬಿಕ್ಕಟ್ಟು,crisis
ಮಾನದಂಡ,criteria
ವಿಮರ್ಶಕ,critic
ನಿರ್ಣಾಯಕ,critical
ಟೀಕೆ,criticism
ವಿಮರ್ಶೆ,criticize
ಬೆಳೆ,crop
ಅಡ್ಡ,cross
ಗುಂಪು,crowd
ನಿರ್ಣಾಯಕ,crucial
ಅಳಲು,cry
ಸಾಂಸ್ಕೃತಿಕ,cultural
ಸಂಸ್ಕೃತಿ,culture
ಕಪ್,cup
ಕುತೂಹಲ,curious
ಪ್ರಸ್ತುತ,current
ಪ್ರಸ್ತುತ,currently
ಪಠ್ಯಕ್ರಮ,curriculum
ಕಸ್ಟಮ್,custom
ಗ್ರಾಹಕ,customer
ಕತ್ತರಿಸಿ,cut
ಚಕ್ರ,cycle
ಅಪ್ಪ,dad
ದೈನಂದಿನ,daily
ಹಾನಿ,damage
ನೃತ್ಯ,dance
ಅಪಾಯ,danger
ಅಪಾಯಕಾರಿ,dangerous
ಧೈರ್ಯ,dare
ಕತ್ತಲು,dark
ಕತ್ತಲೆ,darkness
ಡೇಟಾ,data
ದಿನಾಂಕ,date
ಮಗಳು,daughter
ದಿನ,day
ಸತ್ತ,dead
ಒಪ್ಪಂದ,deal
ವ್ಯಾಪಾರಿ,dealer
ಪ್ರೀತಿಯ,dear
ಸಾವು,death
ಚರ್ಚೆ,debate
ಸಾಲ,debt
ದಶಕ,decade
ನಿರ್ಧರಿಸಿ,decide
ದಶಮಾಂಶ,decimal
ನಿರ್ಧಾರ,decision
ಡೆಕ್,deck
ಘೋಷಿಸಲು,declare
ಕುಸಿತ,decline
ಇಳಿಕೆ,decrease
ಆಳವಾದ,deep
ಆಳವಾಗಿ,deeply
ಜಿಂಕೆ,deer
ಸೋಲು,defeat
ರಕ್ಷಿಸಲು,defend
ಪ್ರತಿವಾದಿ,defendant
ರಕ್ಷಣಾ,defense
ರಕ್ಷಣಾತ್ಮಕ,defensive
ಕೊರತೆ,deficit
ವಿವರಿಸಿ,define
ಖಂಡಿತವಾಗಿ,definitely
ವ್ಯಾಖ್ಯಾನ,definition
ಪದವಿ,degree
ವಿಳಂಬ,delay
ತಲುಪಿಸು,deliver
ವಿತರಣೆ,delivery
ಬೇಡಿಕೆ,demand
ಪ್ರಜಾಪ್ರಭುತ್ವ,democracy
ಪ್ರಜಾಪ್ರಭುತ್ವವಾದಿ,Democrat
ಪ್ರಜಾಪ್ರಭುತ್ವ,democratic
ಪ್ರದರ್ಶಿಸು,demonstrate
ಪ್ರದರ್ಶನ,demonstration
ನಿರಾಕರಿಸು,deny
ಇಲಾಖೆ,department
ಅವಲಂಬಿತ,depend
ಅವಲಂಬಿತ,dependent
ಅವಲಂಬಿಸಿ,depending
ಚಿತ್ರಿಸುತ್ತದೆ,depict
ಖಿನ್ನತೆ,depression
ಆಳ,depth
ಉಪ,deputy
ಪಡೆಯಿರಿ,derive
ವಿವರಿಸಿ,describe
ವಿವರಣೆ,description
ಮರುಭೂಮಿ,desert
ಅರ್ಹರು,deserve
ವಿನ್ಯಾಸ,design
ವಿನ್ಯಾಸಕಾರ,designer
ಬಯಕೆ,desire
ಮೇಜು,desk
ಹತಾಶ,desperate
ಹೊರತಾಗಿಯೂ,despite
ನಾಶ,destroy
ವಿನಾಶ,destruction
ವಿವರ,detail
ವಿವರವಾದ,detailed
ಪತ್ತೆ,detect
ನಿರ್ಧರಿಸಿ,determine
ಅಭಿವೃದ್ಧಿ,develop
ಅಭಿವೃದ್ಧಿಪಡಿಸುತ್ತಿದೆ,developing
ಅಭಿವೃದ್ಧಿ,development
ಸಾಧನ,device
ವಿನಿಯೋಗಿಸಿ,devote
ಸಂಭಾಷಣೆ,dialogue
ನಿಘಂಟು,dictionary
ಮಾಡಿದ,did
ಸಾಯುತ್ತಾರೆ,die
ಆಹಾರ,diet
ಭಿನ್ನ,differ
ವ್ಯತ್ಯಾಸ,difference
ವಿಭಿನ್ನ,different
ವಿಭಿನ್ನವಾಗಿ,differently
ಕಷ್ಟ,difficult
ಕಷ್ಟ,difficulty
ಅಗೆಯಿರಿ,dig
ಡಿಜಿಟಲ್,digital
ಆಯಾಮ,dimension
ಊಟ,dining
ಊಟ,dinner
ನೇರ,direct
ನಿರ್ದೇಶನ,direction
ನೇರವಾಗಿ,directly
ನಿರ್ದೇಶಕ,director
ಕೊಳಕು,dirt
ಕೊಳಕು,dirty
ಅಂಗವೈಕಲ್ಯ,disability
ಒಪ್ಪುವುದಿಲ್ಲ,disagree
ಮಾಯವಾಗುತ್ತವೆ,disappear
ದುರಂತದ,disaster
ಶಿಸ್ತು,discipline
ಪ್ರವಚನ,discourse
ಕಂಡುಹಿಡಿಯಲು,discover
ಆವಿಷ್ಕಾರ,discovery
ತಾರತಮ್ಯ,discrimination
ಚರ್ಚಿಸಿ,discuss
ಚರ್ಚೆ,discussion
ರೋಗ,disease
ಭಕ್ಷ್ಯ,dish
ವಜಾಗೊಳಿಸಿ,dismiss
ಅಸ್ವಸ್ಥತೆ,disorder
ಪ್ರದರ್ಶನ,display
ವಿವಾದ,dispute
ದೂರ,distance
ದೂರದ,distant
ವಿಶಿಷ್ಟ,distinct
ವ್ಯತ್ಯಾಸ,distinction
ವ್ಯತ್ಯಾಸ,distinguish
ವಿತರಿಸಿ,distribute
ವಿತರಣೆ,distribution
ಜಿಲ್ಲೆ,district
ವೈವಿಧ್ಯಮಯ,diverse
ವೈವಿಧ್ಯತೆ,diversity
ವಿಭಜಿಸು,divide
ವಿಭಾಗ,division
ವಿಚ್ಛೇದನ,divorce
ಡಿಎನ್ಎ,DNA
ಮಾಡು,do
ವೈದ್ಯರು,doctor
ದಾಖಲೆ,document
ಮಾಡುತ್ತದೆ,does
ನಾಯಿ,dog
ಡಾಲರ್,dollar
ಗೃಹಬಳಕೆಯ,domestic
ಪ್ರಬಲ,dominant
ಪ್ರಾಬಲ್ಯ,dominate
ಬೇಡ,don’t
ಮಾಡಲಾಗಿದೆ,done
ಬಾಗಿಲು,door
ದ್ವಿಗುಣ,double
ಅನುಮಾನ,doubt
ಕೆಳಗೆ,down
ಪೇಟೆ,downtown
ಡಜನ್,dozen
ಕರಡು,draft
ಎಳೆಯಿರಿ,drag
ನಾಟಕ,drama
ನಾಟಕೀಯ,dramatic
ನಾಟಕೀಯವಾಗಿ,dramatically
ಡ್ರಾ,draw
ಚಿತ್ರ,drawing
ಕನಸು,dream
ಉಡುಗೆ,dress
ಕುಡಿಯಲು,drink
ಚಾಲನೆ,drive
ಚಾಲಕ,driver
ಡ್ರಾಪ್,drop
ಔಷಧ,drug
ಒಣ,dry
ಬಾತುಕೋಳಿ,duck
ಬಾಕಿ,due
ಸಮಯದಲ್ಲಿ,during
ಧೂಳು,dust
ಕರ್ತವ್ಯ,duty
ಪ್ರತಿ,each
ಉತ್ಸಾಹಿ,eager
ಕಿವಿ,ear
ಬೇಗ,early
ಗಳಿಸುತ್ತಾರೆ,earn
ಗಳಿಕೆಗಳು,earnings
ಭೂಮಿ,earth
ಸರಾಗ,ease
ಸುಲಭವಾಗಿ,easily
ಪೂರ್ವ,east
ಪೂರ್ವ,eastern
ಸುಲಭ,easy
ತಿನ್ನು,eat
ಆರ್ಥಿಕ,economic
ಅರ್ಥಶಾಸ್ತ್ರ,economics
ಅರ್ಥಶಾಸ್ತ್ರಜ್ಞ,economist
ಆರ್ಥಿಕತೆ,economy
ಅಂಚು,edge
ಆವೃತ್ತಿ,edition
ಸಂಪಾದಕ,editor
ಶಿಕ್ಷಣ,educate
ಶಿಕ್ಷಣ,education
ಶೈಕ್ಷಣಿಕ,educational
ಶಿಕ್ಷಣತಜ್ಞ,educator
ಪರಿಣಾಮ,effect
ಪರಿಣಾಮಕಾರಿ,effective
ಪರಿಣಾಮಕಾರಿಯಾಗಿ,effectively
ದಕ್ಷತೆ,efficiency
ದಕ್ಷ,efficient
ಪ್ರಯತ್ನ,effort
ಮೊಟ್ಟೆ,egg
ಎಂಟು,eight
ಒಂದೋ,either
ಹಿರಿಯರು,elderly
ಆಯ್ಕೆ,elect
ಚುನಾವಣೆ,election
ವಿದ್ಯುತ್,electric
ವಿದ್ಯುತ್,electricity
ಎಲೆಕ್ಟ್ರಾನಿಕ್,electronic
ಅಂಶ,element
ಪ್ರಾಥಮಿಕ,elementary
ತೊಡೆದುಹಾಕಲು,eliminate
ಗಣ್ಯ,elite
ಬೇರೆ,else
ಬೇರೆಡೆ,elsewhere
ಇ-ಮೇಲ್,e-mail
ಅಪ್ಪಿಕೊಳ್ಳುತ್ತಾರೆ,embrace
ಹೊರಹೊಮ್ಮುತ್ತವೆ,emerge
ತುರ್ತು,emergency
ಹೊರಸೂಸುವಿಕೆ,emission
ಭಾವನೆ,emotion
ಭಾವನಾತ್ಮಕ,emotional
ಒತ್ತು,emphasis
ಒತ್ತು ನೀಡಿ,emphasize
ನೇಮಿಸು,employ
ಉದ್ಯೋಗಿ,employee
ಉದ್ಯೋಗದಾತ,employer
ಉದ್ಯೋಗ,employment
ಖಾಲಿ,empty
ಸಕ್ರಿಯಗೊಳಿಸಿ,enable
ಎನ್ಕೌಂಟರ್,encounter
ಪ್ರೋತ್ಸಾಹಿಸಲು,encourage
ಅಂತ್ಯ,end
ಶತ್ರು,enemy
ಶಕ್ತಿ,energy
ಜಾರಿ,enforcement
ತೊಡಗಿಸಿಕೊಳ್ಳಿ,engage
ಎಂಜಿನ್,engine
ಎಂಜಿನಿಯರ್,engineer
ಎಂಜಿನಿಯರಿಂಗ್,engineering
ಆಂಗ್ಲ,English
ವರ್ಧಿಸು,enhance
ಆನಂದಿಸಿ,enjoy
ಅಗಾಧ,enormous
ಸಾಕು,enough
ಖಚಿತಪಡಿಸಿಕೊಳ್ಳಿ,ensure
ನಮೂದಿಸಿ,enter
ಉದ್ಯಮ,enterprise
ಮನರಂಜನೆ,entertainment
ಸಂಪೂರ್ಣ,entire
ಸಂಪೂರ್ಣವಾಗಿ,entirely
ಪ್ರವೇಶ,entrance
ಪ್ರವೇಶ,entry
ಪರಿಸರ,environment
ಪರಿಸರ,environmental
ಪ್ರಸಂಗ,episode
ಸಮಾನ,equal
ಸಮಾನವಾಗಿ,equally
ಸಮೀಕರಿಸಿ,equate
ಉಪಕರಣ,equipment
ಯುಗ,era
ದೋಷ,error
ತಪ್ಪಿಸಿಕೊಳ್ಳಲು,escape
ವಿಶೇಷವಾಗಿ,especially
ಪ್ರಬಂಧ,essay
ಅಗತ್ಯ,essential
ಮೂಲಭೂತವಾಗಿ,essentially
ಸ್ಥಾಪಿಸು,establish
ಸ್ಥಾಪನೆ,establishment
ಎಸ್ಟೇಟ್,estate
ಅಂದಾಜು,estimate
ಇತ್ಯಾದಿ,etc
ನೈತಿಕತೆ,ethics
ಜನಾಂಗೀಯ,ethnic
ಯುರೋಪಿಯನ್,European
ಮೌಲ್ಯಮಾಪನ,evaluate
ಮೌಲ್ಯಮಾಪನ,evaluation
ಸಹ,even
ಸಂಜೆ,evening
ಘಟನೆ,event
ಅಂತಿಮವಾಗಿ,eventually
ಎಂದೆಂದಿಗೂ,ever
ಪ್ರತಿ,every
ಎಲ್ಲರೂ,everybody
ಪ್ರತಿ ದಿನ,everyday
ಎಲ್ಲರೂ,everyone
ಎಲ್ಲವೂ,everything
ಎಲ್ಲೆಡೆ,everywhere
ಸಾಕ್ಷಿ,evidence
ವಿಕಾಸ,evolution
ವಿಕಸನ,evolve
ನಿಖರ,exact
ನಿಖರವಾಗಿ,exactly
ಪರೀಕ್ಷೆ,examination
ಪರೀಕ್ಷಿಸಲು,examine
ಉದಾಹರಣೆ,example
ಮೀರಿದೆ,exceed
ಅತ್ಯುತ್ತಮ,excellent
ಹೊರತುಪಡಿಸಿ,except
ವಿನಾಯಿತಿ,exception
ವಿನಿಮಯ,exchange
ಪ್ರಚೋದಿಸು,excite
ಅತ್ಯಾಕರ್ಷಕ,exciting
ಕಾರ್ಯನಿರ್ವಾಹಕ,executive
ವ್ಯಾಯಾಮ,exercise
ಪ್ರದರ್ಶಿಸು,exhibit
ಪ್ರದರ್ಶನ,exhibition
ಅಸ್ತಿತ್ವದಲ್ಲಿವೆ,exist
ಅಸ್ತಿತ್ವ,existence
ಅಸ್ತಿತ್ವದಲ್ಲಿರುವ,existing
ವಿಸ್ತರಿಸಲು,expand
ವಿಸ್ತರಣೆ,expansion
ನಿರೀಕ್ಷಿಸಬಹುದು,expect
ನಿರೀಕ್ಷೆ,expectation
ವೆಚ್ಚ,expense
ದುಬಾರಿ,expensive
ಅನುಭವ,experience
ಪ್ರಯೋಗ,experiment
ತಜ್ಞ,expert
ವಿವರಿಸಿ,explain
ವಿವರಣೆ,explanation
ಸ್ಫೋಟಗೊಳ್ಳುತ್ತವೆ,explode
ಅನ್ವೇಷಿಸಿ,explore
ಸ್ಫೋಟ,explosion
ಒಡ್ಡಲು,expose
ಒಡ್ಡುವಿಕೆ,exposure
ಎಕ್ಸ್ಪ್ರೆಸ್,express
ಅಭಿವ್ಯಕ್ತಿ,expression
ವಿಸ್ತರಿಸಿ,extend
ವಿಸ್ತರಣೆ,extension
ವ್ಯಾಪಕ,extensive
ಮಟ್ಟಿಗೆ,extent
ಬಾಹ್ಯ,external
ಹೆಚ್ಚುವರಿ,extra
ಅಸಾಧಾರಣ,extraordinary
ವಿಪರೀತ,extreme
ಅತ್ಯಂತ,extremely
ಕಣ್ಣು,eye
ಫ್ಯಾಬ್ರಿಕ್,fabric
ಮುಖ,face
ಸೌಲಭ್ಯ,facility
ವಾಸ್ತವ,fact
ಅಂಶ,factor
ಕಾರ್ಖಾನೆ,factory
ಸಿಬ್ಬಂದಿ,faculty
ಮಸುಕಾಗುತ್ತದೆ,fade
ಅನುತ್ತೀರ್ಣ,fail
ವೈಫಲ್ಯ,failure
ನ್ಯಾಯೋಚಿತ,fair
ತಕ್ಕಮಟ್ಟಿಗೆ,fairly
ನಂಬಿಕೆ,faith
ಬೀಳುತ್ತವೆ,fall
ಪರಿಚಿತ,familiar
ಕುಟುಂಬ,family
ಖ್ಯಾತ,famous
ಅಭಿಮಾನಿ,fan
ಫ್ಯಾಂಟಸಿ,fantasy
ದೂರ,far
ಕೃಷಿ,farm
ರೈತ,farmer
ಫ್ಯಾಷನ್,fashion
ವೇಗವಾಗಿ,fast
ಕೊಬ್ಬು,fat
ವಿಧಿ,fate
ತಂದೆ,father
ತಪ್ಪು,fault
ಒಲವು,favor
ನೆಚ್ಚಿನ,favorite
ಭಯ,fear
ವೈಶಿಷ್ಟ್ಯ,feature
ಫೆಡರಲ್,federal
ಶುಲ್ಕ,fee
ಆಹಾರ,feed
ಅನುಭವಿಸು,feel
ಭಾವನೆ,feeling
ಅಡಿ,feet
ಬಿದ್ದಿತು,fell
ಸಹ,fellow
ಭಾವಿಸಿದರು,felt
ಹೆಣ್ಣು,female
ಬೇಲಿ,fence
ಕೆಲವು,few
ಕಡಿಮೆ,fewer
ಫೈಬರ್,fiber
ಕಾಲ್ಪನಿಕ,fiction
ಕ್ಷೇತ್ರ,field
ಹದಿನೈದು,fifteen
ಐದನೇ,fifth
ಐವತ್ತು,fifty
ಅಂಜೂರ,fig
ಹೋರಾಟ,fight
ಹೋರಾಟಗಾರ,fighter
ಹೋರಾಟ,fighting
ಚಿತ್ರ,figure
ಫೈಲ್,file
ಭರ್ತಿ,fill
ಚಲನಚಿತ್ರ,film
ಅಂತಿಮ,final
ಅಂತಿಮವಾಗಿ,finally
ಹಣಕಾಸು,finance
ಆರ್ಥಿಕ,financial
ಕಂಡುಕೊಳ್ಳಿ,find
ಕಂಡುಹಿಡಿಯುವುದು,finding
ಚೆನ್ನಾಗಿದೆ,fine
ಬೆರಳು,finger
ಮುಗಿಸು,finish
ಬೆಂಕಿ,fire
ಸಂಸ್ಥೆ,firm
ಪ್ರಥಮ,first
ಮೀನು,fish
ಮೀನುಗಾರಿಕೆ,fishing
ಸರಿಹೊಂದುತ್ತದೆ,fit
ಫಿಟ್ನೆಸ್,fitness
ಐದು,five
ಸರಿಪಡಿಸಿ,fix
ಧ್ವಜ,flag
ಜ್ವಾಲೆ,flame
ಚಪ್ಪಟೆ,flat
ಸುವಾಸನೆ,flavor
ಪಲಾಯನ,flee
ಮಾಂಸ,flesh
ವಿಮಾನ,flight
ತೇಲುತ್ತವೆ,float
ಮಹಡಿ,floor
ಹರಿವು,flow
ಹೂವು,flower
ನೊಣ,fly
ಗಮನ,focus
ಜಾನಪದ,folk
ಅನುಸರಿಸಿ,follow
ಕೆಳಗಿನ,following
ಆಹಾರ,food
ಪಾದ,foot
ಫುಟ್ಬಾಲ್,football
ಫಾರ್,for
ಬಲ,force
ವಿದೇಶಿ,foreign
ಅರಣ್ಯ,forest
ಶಾಶ್ವತವಾಗಿ,forever
ಮರೆತುಬಿಡು,forget
ರೂಪ,form
ಔಪಚಾರಿಕ,formal
ರಚನೆ,formation
ಮಾಜಿ,former
ಸೂತ್ರ,formula
ಮುಂದಕ್ಕೆ,forth
ಅದೃಷ್ಟ,fortune
ಮುಂದೆ,forward
ಕಂಡು,found
ಅಡಿಪಾಯ,foundation
ಸಂಸ್ಥಾಪಕ,founder
ನಾಲ್ಕು,four
ನಾಲ್ಕನೇ,fourth
ಭಾಗ,fraction
ಚೌಕಟ್ಟು,frame
ಚೌಕಟ್ಟು,framework
ಉಚಿತ,free
ಸ್ವಾತಂತ್ರ್ಯ,freedom
ಫ್ರೀಜ್,freeze
ಫ್ರೆಂಚ್,French
ಆವರ್ತನ,frequency
ಆಗಾಗ್ಗೆ,frequent
ಆಗಾಗ್ಗೆ,frequently
ತಾಜಾ,fresh
ಸ್ನೇಹಿತ,friend
ಸ್ನೇಹಪರ,friendly
ಸ್ನೇಹಕ್ಕಾಗಿ,friendship
ನಿಂದ,from
ಮುಂಭಾಗ,front
ಹಣ್ಣು,fruit
ಹತಾಶೆ,frustration
ಇಂಧನ,fuel
ಪೂರ್ಣ,full
ಪೂರ್ತಿಯಾಗಿ,fully
ಮೋಜಿನ,fun
ಕಾರ್ಯ,function
ನಿಧಿ,fund
ಮೂಲಭೂತ,fundamental
ಧನಸಹಾಯ,funding
ಅಂತ್ಯಕ್ರಿಯೆ,funeral
ತಮಾಷೆ,funny
ಪೀಠೋಪಕರಣಗಳು,furniture
ಇದಲ್ಲದೆ,furthermore
ಭವಿಷ್ಯ,future
ಲಾಭ,gain
ನಕ್ಷತ್ರಪುಂಜ,galaxy
ಗ್ಯಾಲರಿ,gallery
ಆಟ,game
ಗ್ಯಾಂಗ್,gang
ಅಂತರ,gap
ಗ್ಯಾರೇಜ್,garage
ಉದ್ಯಾನ,garden
ಬೆಳ್ಳುಳ್ಳಿ,garlic
ಅನಿಲ,gas
ಗೇಟ್,gate
ಸಂಗ್ರಹಿಸಿ,gather
ನೀಡಿದರು,gave
ಸಲಿಂಗಕಾಮಿ,gay
ನೋಟ,gaze
ಗೇರ್,gear
ಲಿಂಗ,gender
ಜೀನ್,gene
ಸಾಮಾನ್ಯ,general
ಸಾಮಾನ್ಯವಾಗಿ,generally
ಉತ್ಪಾದಿಸು,generate
ಪೀಳಿಗೆ,generation
ಆನುವಂಶಿಕ,genetic
ಸೌಮ್ಯ,gentle
ಸಂಭಾವಿತ,gentleman
ನಿಧಾನವಾಗಿ,gently
ಜರ್ಮನ್,German
ಗೆಸ್ಚರ್,gesture
ಪಡೆಯಿರಿ,get
ದೆವ್ವ,ghost
ದೈತ್ಯ,giant
ಉಡುಗೊರೆ,gift
ಉಡುಗೊರೆಯಾಗಿ ನೀಡಿದೆ,gifted
ಹುಡುಗಿ,girl
ಗೆಳತಿ,girlfriend
ನೀಡಿ,give
ನೀಡಿದ,given
ಸಂತೋಷವಾಗಿದೆ,glad
ನೋಟ,glance
ಗಾಜು,glass
ಜಾಗತಿಕ,global
ಕೈಗವಸು,glove
ಹೋಗು,go
ಗುರಿ,goal
ದೇವರು,God
ಚಿನ್ನ,gold
ಚಿನ್ನದ,golden
ಗಾಲ್ಫ್,golf
ಹೋದರು,gone
ಒಳ್ಳೆಯದು,good
ಸಿಕ್ಕಿತು,got
ಆಡಳಿತ,govern
ಸರ್ಕಾರ,government
ರಾಜ್ಯಪಾಲ,governor
ದೋಚಿದ,grab
ದರ್ಜೆ,grade
ಕ್ರಮೇಣ,gradually
ಪದವಿಧರ,graduate
ಧಾನ್ಯ,grain
ಭವ್ಯ,grand
ಅಜ್ಜ,grandfather
ಅಜ್ಜಿ,grandmother
ಅನುದಾನ,grant
ಹುಲ್ಲು,grass
ಸಮಾಧಿ,grave
ಬೂದು,gray
ಶ್ರೇಷ್ಠ,great
ಶ್ರೇಷ್ಠ,greatest
ಹಸಿರು,green
ಬೆಳೆದಿದೆ,grew
ದಿನಸಿ,grocery
ನೆಲ,ground
ಗುಂಪು,group
ಬೆಳೆಯುತ್ತವೆ,grow
ಬೆಳೆಯುತ್ತಿದೆ,growing
ಬೆಳವಣಿಗೆ,growth
ಖಾತರಿ,guarantee
ಕಾವಲುಗಾರ,guard
ಊಹೆ,guess
ಅತಿಥಿ,guest
ಮಾರ್ಗದರ್ಶಿ,guide
ಮಾರ್ಗಸೂಚಿ,guideline
ತಪ್ಪಿತಸ್ಥ,guilty
ಬಂದೂಕು,gun
ವ್ಯಕ್ತಿ,guy
ಅಭ್ಯಾಸ,habit
ಆವಾಸಸ್ಥಾನ,habitat
ಹೊಂದಿತ್ತು,had
ಕೂದಲು,hair
ಅರ್ಧ,half
ಸಭಾಂಗಣ,hall
ಕೈ,hand
ಕೈತುಂಬ,handful
ಹ್ಯಾಂಡಲ್,handle
ಸ್ಥಗಿತಗೊಳಿಸಿ,hang
ಸಂಭವಿಸುತ್ತವೆ,happen
ಸಂತೋಷ,happy
ಕಠಿಣ,hard
ಅಷ್ಟೇನೂ ಕಷ್ಟವಿಲ್ಲ,hardly
ಇದೆ,has
ಟೋಪಿ,hat
ದ್ವೇಷ,hate
ಹೊಂದಿವೆ,have
ಅವನು,he
ತಲೆ,head
ಶೀರ್ಷಿಕೆ,headline
ಪ್ರಧಾನ ಕಚೇರಿ,headquarters
ಆರೋಗ್ಯ,health
ಆರೋಗ್ಯಕರ,healthy
ಕೇಳು,hear
ಕೇಳಿದ,heard
ಕೇಳಿ,hearing
ಹೃದಯ,heart
ಶಾಖ,heat
ಸ್ವರ್ಗ,heaven
ಭಾರೀ,heavily
ಭಾರವಾದ,heavy
ಹಿಮ್ಮಡಿ,heel
ಎತ್ತರ,height
ನಡೆಯಿತು,held
ಹೆಲಿಕಾಪ್ಟರ್,helicopter
ನರಕ,hell
ನಮಸ್ಕಾರ,hello
ಸಹಾಯ,help
ಸಹಾಯಕವಾಗಿದೆ,helpful
ಅವಳು,her
ಇಲ್ಲಿ,here
ಪರಂಪರೆ,heritage
ನಾಯಕ,hero
ಸ್ವತಃ,herself
ಹೇ,hey
ನಮಸ್ತೆ,hi
ಅಡಗಿಸು,hide
ಹೆಚ್ಚಿನ,high
ಹೈಲೈಟ್,highlight
ಹೆಚ್ಚು,highly
ಹೆದ್ದಾರಿ,highway
ಬೆಟ್ಟ,hill
ಅವನನ್ನು,him
ಸ್ವತಃ,himself
ಸೊಂಟ,hip
ಬಾಡಿಗೆ,hire
ಅವನ,his
ಇತಿಹಾಸಕಾರ,historian
ಐತಿಹಾಸಿಕ,historic
ಐತಿಹಾಸಿಕ,historical
ಇತಿಹಾಸ,history
ಹಿಟ್,hit
ಹಿಡಿದುಕೊಳ್ಳಿ,hold
ರಂಧ್ರ,hole
ರಜೆ,holiday
ಪವಿತ್ರ,holy
ಮನೆ,home
ಮನೆಯಿಲ್ಲದವರು,homeless
ಪ್ರಾಮಾಣಿಕ,honest
ಜೇನು,honey
ಗೌರವ,honor
ಭರವಸೆ,hope
ದಿಗಂತ,horizon
ಭಯಾನಕ,horror
ಕುದುರೆ,horse
ಆಸ್ಪತ್ರೆ,hospital
ಅತಿಥೆಯ,host
ಬಿಸಿ,hot
ಹೋಟೆಲ್,hotel
ಗಂಟೆ,hour
ಮನೆ,house
ಮನೆಯ,household
ವಸತಿ,housing
ಹೇಗೆ,how
ಆದಾಗ್ಯೂ,however
ಬೃಹತ್,huge
ಮಾನವ,human
ಹಾಸ್ಯ,humor
ನೂರು,hundred
ಹಸಿವು,hungry
ಬೇಟೆ,hunt
ಬೇಟೆಗಾರ,hunter
ಬೇಟೆಯಾಡುವುದು,hunting
ಯದ್ವಾತದ್ವಾ,hurry
ನೋವುಂಟು ಮಾಡಿದೆ,hurt
ಗಂಡ,husband
ಕಲ್ಪನೆ,hypothesis
ನಾನು,I
ಮಂಜುಗಡ್ಡೆ,ice
ಕಲ್ಪನೆ,idea
ಆದರ್ಶ,ideal
ಗುರುತಿಸುವಿಕೆ,identification
ಗುರುತಿಸಲು,identify
ಗುರುತು,identity
ಅಂದರೆ,ie
ವೇಳೆ,if
ನಿರ್ಲಕ್ಷಿಸಿ,ignore
ಅನಾರೋಗ್ಯ,ill
ಅಕ್ರಮ,illegal
ಅನಾರೋಗ್ಯ,illness
ವಿವರಿಸಿ,illustrate
ಚಿತ್ರ,image
ಕಲ್ಪನೆ,imagination
ಊಹಿಸಿ,imagine
ತಕ್ಷಣ,immediate
ತಕ್ಷಣ,immediately
ವಲಸಿಗ,immigrant
ವಲಸೆ,immigration
ಪರಿಣಾಮ,impact
ಕಾರ್ಯಗತಗೊಳಿಸಿ,implement
ಒಳಾರ್ಥ,implication
ಸೂಚಿಸುತ್ತವೆ,imply
ಪ್ರಾಮುಖ್ಯತೆ,importance
ಪ್ರಮುಖ,important
ವಿಧಿಸಿ,impose
ಅಸಾಧ್ಯ,impossible
ಈಕೆಯನ್ನು,impress
ಅನಿಸಿಕೆ,impression
ಪ್ರಭಾವಶಾಲಿ,impressive
ಸುಧಾರಿಸು,improve
ಸುಧಾರಣೆ,improvement
ರಲ್ಲಿ,in
ಪ್ರೋತ್ಸಾಹಕ,incentive
ಇಂಚು,inch
ಘಟನೆ,incident
ಒಳಗೊಂಡಿದೆ,include
ಸೇರಿದಂತೆ,including
ಆದಾಯ,income
ಸಂಯೋಜಿಸು,incorporate
ಹೆಚ್ಚಳ,increase
ಹೆಚ್ಚಾಗಿದೆ,increased
ಹೆಚ್ಚುತ್ತಿದೆ,increasing
ಹೆಚ್ಚೆಚ್ಚು,increasingly
ನಂಬಲಾಗದ,incredible
ವಾಸ್ತವವಾಗಿ,indeed
ಸ್ವಾತಂತ್ರ್ಯ,independence
ಸ್ವತಂತ್ರ,independent
ಸೂಚ್ಯಂಕ,index
ಭಾರತೀಯ,Indian
ಸೂಚಿಸುತ್ತದೆ,indicate
ಸೂಚನೆ,indication
ವೈಯಕ್ತಿಕ,individual
ಕೈಗಾರಿಕಾ,industrial
ಉದ್ಯಮ,industry
ಶಿಶು,infant
ಸೋಂಕು,infection
ಹಣದುಬ್ಬರ,inflation
ಪ್ರಭಾವ,influence
ತಿಳಿಸು,inform
ಮಾಹಿತಿ,information
ಪದಾರ್ಥ,ingredient
ಆರಂಭಿಕ,initial
ಆರಂಭದಲ್ಲಿ,initially
ಉಪಕ್ರಮ,initiative
ಗಾಯ,injury
ಒಳ,inner
ಮುಗ್ಧ,innocent
ವಿಚಾರಣೆ,inquiry
ಕೀಟ,insect
ಒಳಗೆ,inside
ಒಳನೋಟ,insight
ಒತ್ತಾಯ,insist
ಸ್ಫೂರ್ತಿ,inspire
ಸ್ಥಾಪಿಸು,install
ಉದಾಹರಣೆ,instance
ತ್ವರಿತ,instant
ಬದಲಾಗಿ,instead
ಸಂಸ್ಥೆ,institution
ಸಾಂಸ್ಥಿಕ,institutional
ಸೂಚನಾ,instruction
ಬೋಧಕ,instructor
ಉಪಕರಣ,instrument
ವಿಮೆ,insurance
ಬೌದ್ಧಿಕ,intellectual
ಗುಪ್ತಚರ,intelligence
ಉದ್ದೇಶ,intend
ತೀವ್ರ,intense
ತೀವ್ರತೆ,intensity
ಉದ್ದೇಶ,intention
ಪರಸ್ಪರ,interaction
ಆಸಕ್ತಿ,interest
ಆಸಕ್ತಿ,interested
ಆಸಕ್ತಿದಾಯಕ,interesting
ಆಂತರಿಕ,internal
ಅಂತಾರಾಷ್ಟ್ರೀಯ,international
ಇಂಟರ್ನೆಟ್,Internet
ಅರ್ಥೈಸುತ್ತಾರೆ,interpret
ವ್ಯಾಖ್ಯಾನ,interpretation
ಹಸ್ತಕ್ಷೇಪ,intervention
ಸಂದರ್ಶನ,interview
ಒಳಗೆ,into
ಪರಿಚಯಿಸು,introduce
ಪರಿಚಯ,introduction
ಆಕ್ರಮಣ,invasion
ಆವಿಷ್ಕಾರ,invent
ಹೂಡಿಕೆ,invest
ತನಿಖೆ,investigate
ತನಿಖೆ,investigation
ತನಿಖಾಧಿಕಾರಿ,investigator
ಬಂಡವಾಳ,investment
ಹೂಡಿಕೆದಾರ,investor
ಆಹ್ವಾನಿಸಿ,invite
ಒಳಗೊಂಡಿರುತ್ತದೆ,involve
ಒಳಗೊಂಡಿರುವ,involved
ಒಳಗೊಳ್ಳುವಿಕೆ,involvement
ಇರಾಕಿ,Iraqi
ಐರಿಶ್,Irish
ಕಬ್ಬಿಣ,iron
ಇದೆ,is
ಇಸ್ಲಾಮಿಕ್,Islamic
ದ್ವೀಪ,island
ಇಸ್ರೇಲಿ,Israeli
ಸಮಸ್ಯೆ,issue
ಇದು,it
ಇಟಾಲಿಯನ್,Italian
ಐಟಂ,item
ಅದರ,its
ಸ್ವತಃ,itself
ಜಾಕೆಟ್,jacket
ಜೈಲು,jail
ಜಪಾನೀಸ್,Japanese
ಜೆಟ್,jet
ಯಹೂದಿ,Jew
ಯಹೂದಿ,Jewish
ಕೆಲಸ,job
ಸೇರು,join
ಜಂಟಿ,joint
ತಮಾಷೆ,joke
ಜರ್ನಲ್,journal
ಪತ್ರಕರ್ತ,journalist
ಪ್ರಯಾಣ,journey
ಸಂತೋಷ,joy
ನ್ಯಾಯಾಧೀಶರು,judge
ತೀರ್ಪು,judgment
ರಸ,juice
ನೆಗೆಯುವುದನ್ನು,jump
ಕಿರಿಯ,junior
ತೀರ್ಪುಗಾರರು,jury
ಕೇವಲ,just
ನ್ಯಾಯ,justice
ಸಮರ್ಥನೆ,justify
ಇಟ್ಟುಕೊಳ್ಳಿ,keep
ಇಡಲಾಗಿದೆ,kept
ಕೀ,key
ಒದೆ,kick
ಮಗು,kid
ಕೊಲ್ಲು,kill
ಕೊಲೆಗಾರ,killer
ಕೊಲ್ಲುವುದು,killing
ರೀತಿಯ,kind
ರಾಜ,king
ಮುತ್ತು,kiss
ಅಡಿಗೆ,kitchen
ಮೊಣಕಾಲು,knee
ತಿಳಿದಿತ್ತು,knew
ಚಾಕು,knife
ನಾಕ್,knock
ಗೊತ್ತು,know
ಜ್ಞಾನ,knowledge
ಪ್ರಯೋಗಾಲಯ,lab
ಲೇಬಲ್,label
ಕಾರ್ಮಿಕ,labor
ಪ್ರಯೋಗಾಲಯ,laboratory
ಕೊರತೆ,lack
ಮಹಿಳೆ,lady
ಕೆರೆ,lake
ಭೂಮಿ,land
ಭೂದೃಶ್ಯ,landscape
ಭಾಷೆ,language
ಮಡಿ,lap
ದೊಡ್ಡ,large
ಹೆಚ್ಚಾಗಿ,largely
ಕೊನೆಯ,last
ತಡವಾಗಿ,late
ನಂತರ,later
ಲ್ಯಾಟಿನ್,Latin
ನಂತರದ,latter
ನಗು,laugh
ಆರಂಭ,launch
ಕಾನೂನು,law
ಹುಲ್ಲುಹಾಸು,lawn
ಮೊಕದ್ದಮೆ,lawsuit
ವಕೀಲ,lawyer
ಲೇ,lay
ಪದರ,layer
ಮುನ್ನಡೆ,lead
ನಾಯಕ,leader
ನಾಯಕತ್ವ,leadership
ಪ್ರಮುಖ,leading
ಎಲೆ,leaf
ಲೀಗ್,league
ತೆಳುವಾದ,lean
ಕಲಿ,learn
ಕಲಿಕೆ,learning
ಕನಿಷ್ಠ,least
ಚರ್ಮ,leather
ಬಿಡಿ,leave
ಎಲ್ ಇ ಡಿ,led
ಬಿಟ್ಟರು,left
ಕಾಲು,leg
ಪರಂಪರೆ,legacy
ಕಾನೂನುಬದ್ಧ,legal
ದಂತಕಥೆ,legend
ಶಾಸನ,legislation
ನ್ಯಾಯಸಮ್ಮತ,legitimate
ನಿಂಬೆ,lemon
ಉದ್ದ,length
ಕಡಿಮೆ,less
ಪಾಠ,lesson
ಅವಕಾಶ,let
ಪತ್ರ,letter
ಮಟ್ಟ,level
ಉದಾರವಾದಿ,liberal
ಗ್ರಂಥಾಲಯ,library
ಪರವಾನಗಿ,license
ಸುಳ್ಳು,lie
ಜೀವನ,life
ಜೀವನಶೈಲಿ,lifestyle
ಜೀವಮಾನ,lifetime
ಲಿಫ್ಟ್,lift
ಬೆಳಕು,light
ಇಷ್ಟ,like
ಸಾಧ್ಯತೆ,likely
ಮಿತಿ,limit
ಮಿತಿಯ,limitation
ಸೀಮಿತ,limited
ಸಾಲು,line
ಲಿಂಕ್,link
ತುಟಿ,lip
ದ್ರವ,liquid
ಪಟ್ಟಿ,list
ಕೇಳು,listen
ಅಕ್ಷರಶಃ,literally
ಸಾಹಿತ್ಯಿಕ,literary
ಸಾಹಿತ್ಯ,literature
ಸ್ವಲ್ಪ,little
ಲೈವ್,live
ದೇಶ,living
ಲೋಡ್,load
ಸಾಲ,loan
ಸ್ಥಳೀಯ,local
ಪತ್ತೆ,locate
ಸ್ಥಳ,location
ಬೀಗ,lock
ಲಾಗ್,log
ಒಂಟಿ,lone
ಉದ್ದವಾಗಿದೆ,long
ದೀರ್ಘಕಾಲದ,long-term
ನೋಡು,look
ಸಡಿಲ,loose
ಕಳೆದುಕೊಳ್ಳುತ್ತಾರೆ,lose
ನಷ್ಟ,loss
ಸೋತರು,lost
ಬಹಳಷ್ಟು,lot
ಸಾಕಷ್ಟು,lots
ಜೋರಾಗಿ,loud
ಪ್ರೀತಿ,love
ಸುಂದರ,lovely
ಪ್ರೇಮಿ,lover
ಕಡಿಮೆ,low
ಕಡಿಮೆ,lower
ಅದೃಷ್ಟ,luck
ಅದೃಷ್ಟವಂತ,lucky
ಊಟ,lunch
ಶ್ವಾಸಕೋಶ,lung
ಯಂತ್ರ,machine
ಹುಚ್ಚು,mad
ಮಾಡಿದ,made
ಪತ್ರಿಕೆ,magazine
ಆಯಸ್ಕಾಂತ,magnet
ಮೇಲ್,mail
ಮುಖ್ಯ,main
ಮುಖ್ಯವಾಗಿ,mainly
ನಿರ್ವಹಿಸಲು,maintain
ನಿರ್ವಹಣೆ,maintenance
ಪ್ರಮುಖ,major
ಬಹುಮತ,majority
ಮಾಡಿ,make
ತಯಾರಕ,maker
ಸೌಂದರ್ಯ ವರ್ಧಕ,makeup
ಪುರುಷ,male
ಮಾಲ್,mall
ಮನುಷ್ಯ,man
ನಿರ್ವಹಿಸು,manage
ನಿರ್ವಹಣೆ,management
ವ್ಯವಸ್ಥಾಪಕ,manager
ರೀತಿಯಲ್ಲಿ,manner
ತಯಾರಕ,manufacturer
ಉತ್ಪಾದನೆ,manufacturing
ಅನೇಕ,many
ನಕ್ಷೆ,map
ಅಂಚು,margin
ಗುರುತು,mark
ಮಾರುಕಟ್ಟೆ,market
ಮಾರ್ಕೆಟಿಂಗ್,marketing
ಮದುವೆ,marriage
ಮದುವೆಯಾದ,married
ಮದುವೆಯಾಗು,marry
ಮುಖವಾಡ,mask
ಸಮೂಹ,mass
ಬೃಹತ್,massive
ಮಾಸ್ಟರ್,master
ಪಂದ್ಯ,match
ವಸ್ತು,material
ಗಣಿತ,math
ವಿಷಯ,matter
ಮೇ,may
ಇರಬಹುದು,maybe
ಮೇಯರ್,mayor
ನನಗೆ,me
ಊಟ,meal
ಅರ್ಥ,mean
ಅರ್ಥ,meaning
ಅರ್ಥ,meant
ಅಷ್ಟರಲ್ಲಿ,meanwhile
ಅಳತೆ,measure
ಅಳತೆ,measurement
ಮಾಂಸ,meat
ಯಾಂತ್ರಿಕ,mechanism
ಮಾಧ್ಯಮ,media
ವೈದ್ಯಕೀಯ,medical
ಔಷಧ,medication
ಔಷಧಿ,medicine
ಮಾಧ್ಯಮ,medium
ಭೇಟಿ,meet
ಸಭೆಯಲ್ಲಿ,meeting
ಮಧುರ,melody
ಸದಸ್ಯ,member
ಸದಸ್ಯತ್ವ,membership
ನೆನಪು,memory
ಪುರುಷರು,men
ಮಾನಸಿಕ,mental
ಉಲ್ಲೇಖಿಸಿ,mention
ಮೆನು,menu
ಕೇವಲ,mere
ಕೇವಲ,merely
ಅವ್ಯವಸ್ಥೆ,mess
ಸಂದೇಶ,message
ಲೋಹದ,metal
ಮೀಟರ್,meter
ವಿಧಾನ,method
ಮೆಕ್ಸಿಕನ್,Mexican
ಮಧ್ಯ,middle
ಇರಬಹುದು,might
ಮೈಲಿ,mile
ಮಿಲಿಟರಿ,military
ಹಾಲು,milk
ದಶಲಕ್ಷ,million
ಮನಸ್ಸು,mind
ನನ್ನದು,mine
ಮಂತ್ರಿ,minister
ಸಣ್ಣ,minor
ಅಲ್ಪಸಂಖ್ಯಾತ,minority
ನಿಮಿಷ,minute
ಪವಾಡ,miracle
ಕನ್ನಡಿ,mirror
ಮಿಸ್,miss
ಕ್ಷಿಪಣಿ,missile
ಮಿಷನ್,mission
ತಪ್ಪು,mistake
ಮಿಶ್ರಣ,mix
ಮಿಶ್ರಣ,mixture
ಮೋಡ್,mode
ಮಾದರಿ,model
ಮಧ್ಯಮ,moderate
ಆಧುನಿಕ,modern
ಸಾಧಾರಣ,modest
ಅಣು,molecule
ತಾಯಿ,mom
ಕ್ಷಣ,moment
ಹಣ,money
ಮಾನಿಟರ್,monitor
ತಿಂಗಳು,month
ಮನಸ್ಥಿತಿ,mood
ಚಂದ್ರ,moon
ನೈತಿಕ,moral
ಹೆಚ್ಚು,more
ಮೇಲಾಗಿ,moreover
ಬೆಳಗ್ಗೆ,morning
ಅಡಮಾನ,mortgage
ಹೆಚ್ಚಿನ,most
ಹೆಚ್ಚಾಗಿ,mostly
ತಾಯಿ,mother
ಚಲನೆ,motion
ಪ್ರೇರಣೆ,motivation
ಮೋಟಾರ್,motor
ಆರೋಹಣ,mount
ಪರ್ವತ,mountain
ಇಲಿ,mouse
ಬಾಯಿ,mouth
ಸರಿಸಲು,move
ಚಲನೆ,movement
ಚಲನಚಿತ್ರ,movie
ಶ್ರೀ,Mr
ಶ್ರೀಮತಿ,Mrs
ಶ್ರೀಮತಿ,Ms
ಹೆಚ್ಚು,much
ಬಹು,multiple
ಗುಣಿಸಿ,multiply
ಕೊಲೆ,murder
ಮಾಂಸಖಂಡ,muscle
ಮ್ಯೂಸಿಯಂ,museum
ಸಂಗೀತ,music
ಸಂಗೀತ,musical
ಸಂಗೀತಗಾರ,musician
ಮುಸ್ಲಿಂ,Muslim
ಮಾಡಬೇಕು,must
ಪರಸ್ಪರ,mutual
ನನ್ನ,my
ನಾನೇ,myself
ರಹಸ್ಯ,mystery
ಪುರಾಣ,myth
ಬೆತ್ತಲೆ,naked
ಹೆಸರು,name
ನಿರೂಪಣೆ,narrative
ಕಿರಿದಾದ,narrow
ರಾಷ್ಟ್ರ,nation
ರಾಷ್ಟ್ರೀಯ,national
ಸ್ಥಳೀಯ,native
ನೈಸರ್ಗಿಕ,natural
ನೈಸರ್ಗಿಕವಾಗಿ,naturally
ಪ್ರಕೃತಿ,nature
ಹತ್ತಿರ,near
ಹತ್ತಿರದ,nearby
ಸುಮಾರು,nearly
ಅಗತ್ಯವಾಗಿ,necessarily
ಅಗತ್ಯ,necessary
ಕುತ್ತಿಗೆ,neck
ಅಗತ್ಯವಿದೆ,need
ಋಣಾತ್ಮಕ,negative
ಮಾತುಕತೆ,negotiate
ಮಾತುಕತೆ,negotiation
ನೆರೆಹೊರೆಯವರು,neighbor
ನೆರೆಹೊರೆ,neighborhood
ಆಗಲಿ,neither
ನರ,nerve
ನರ,nervous
ನಿವ್ವಳ,net
ಜಾಲ,network
ಎಂದಿಗೂ,never
ಆದಾಗ್ಯೂ,nevertheless
ಹೊಸ,new
ಹೊಸದಾಗಿ,newly
ಸುದ್ದಿ,news
ಪತ್ರಿಕೆ,newspaper
ಮುಂದೆ,next
ಸುಂದರ,nice
ರಾತ್ರಿ,night
ಒಂಬತ್ತು,nine
ಇಲ್ಲ,no
ಯಾರೂ,nobody
ತಲೆಯಾಡಿಸಿ,nod
ಶಬ್ದ,noise
ನಾಮನಿರ್ದೇಶನ,nomination
ಯಾವುದೂ,none
ಆದಾಗ್ಯೂ,nonetheless
ಮಧ್ಯಾಹ್ನ,noon
ಅಥವಾ,nor
ಸಾಮಾನ್ಯ,normal
ಸಾಮಾನ್ಯವಾಗಿ,normally
ಉತ್ತರ,north
ಉತ್ತರದ,northern
ಮೂಗು,nose
ಅಲ್ಲ,not
ಸೂಚನೆ,note
ಏನೂ ಇಲ್ಲ,nothing
ಸೂಚನೆ,notice
ಕಲ್ಪನೆ,notion
ನಾಮಪದ,noun
ಕಾದಂಬರಿ,novel
ಈಗ,now
ಎಲ್ಲಿಯೂ,nowhere
ಅಲ್ಲ,n’t
ಪರಮಾಣು,nuclear
ಸಂಖ್ಯೆ,number
ಸಂಖ್ಯಾ,numeral
ಹಲವಾರು,numerous
ನರ್ಸ್,nurse
ಅಡಿಕೆ,nut
ವಸ್ತು,object
ವಸ್ತುನಿಷ್ಠ,objective
ಬಾಧ್ಯತೆ,obligation
ವೀಕ್ಷಣೆ,observation
ಗಮನಿಸಿ,observe
ವೀಕ್ಷಕ,observer
ಪಡೆಯಲು,obtain
ಸ್ಪಷ್ಟ,obvious
ಸ್ಪಷ್ಟವಾಗಿ,obviously
ಸಂದರ್ಭ,occasion
ಸಾಂದರ್ಭಿಕವಾಗಿ,occasionally
ಉದ್ಯೋಗ,occupation
ಆಕ್ರಮಿಸು,occupy
ಸಂಭವಿಸುತ್ತವೆ,occur
ಸಾಗರ,ocean
ಬೆಸ,odd
ಆಡ್ಸ್,odds
ನ,of
ಆರಿಸಿ,off
ಅಪರಾಧ,offense
ಆಕ್ರಮಣಕಾರಿ,offensive
ಆಫರ್,offer
ಕಚೇರಿ,office
ಅಧಿಕಾರಿ,officer
ಅಧಿಕೃತ,official
ಆಗಾಗ್ಗೆ,often
ಓಹ್,oh
ತೈಲ,oil
ಸರಿ,ok
ಸರಿ,okay
ಹಳೆಯದು,old
ಒಲಿಂಪಿಕ್,Olympic
ಮೇಲೆ,on
ಒಮ್ಮೆ,once
ಒಂದು,one
ನಡೆಯುತ್ತಿರುವ,ongoing
ಈರುಳ್ಳಿ,onion
ಆನ್ಲೈನ್,online
ಮಾತ್ರ,only
ಮೇಲೆ,onto
ತೆರೆಯಿರಿ,open
ತೆರೆಯುವಿಕೆ,opening
ಕಾರ್ಯನಿರ್ವಹಿಸುತ್ತವೆ,operate
ಕಾರ್ಯನಿರ್ವಹಿಸುತ್ತಿದೆ,operating
ಕಾರ್ಯಾಚರಣೆ,operation
ಆಯೋಜಕರು,operator
ಅಭಿಪ್ರಾಯ,opinion
ಎದುರಾಳಿ,opponent
ಅವಕಾಶ,opportunity
ವಿರೋಧಿಸು,oppose
ವಿರುದ್ದ,opposite
ವಿರೋಧ,opposition
ಆಯ್ಕೆ,option
ಅಥವಾ,or
ಕಿತ್ತಳೆ,orange
ಆದೇಶ,order
ಸಾಮಾನ್ಯ,ordinary
ಅಂಗ,organ
ಸಾವಯವ,organic
ಸಂಸ್ಥೆ,organization
ಸಂಘಟಿಸಿ,organize
ದೃಷ್ಟಿಕೋನ,orientation
ಮೂಲ,origin
ಮೂಲ,original
ಮೂಲತಃ,originally
ಇತರೆ,other
ಇತರರು,others
ಇಲ್ಲದಿದ್ದರೆ,otherwise
ಮಾಡಬೇಕು,ought
ನಮ್ಮ,our
ನಾವೇ,ourselves
ಹೊರಗೆ,out
ಫಲಿತಾಂಶ,outcome
ಹೊರಗೆ,outside
ಒಲೆ,oven
ಮೇಲೆ,over
ಒಟ್ಟಾರೆ,overall
ಜಯಿಸಲು,overcome
ಕಡೆಗಣಿಸಬೇಡಿ,overlook
ಬದ್ಧನಾಗಿರಬೇಕು,owe
ಸ್ವಂತ,own
ಮಾಲೀಕ,owner
ಆಮ್ಲಜನಕ,oxygen
ಗತಿ,pace
ಪ್ಯಾಕ್,pack
ಪ್ಯಾಕೇಜ್,package
ಪುಟ,page
ನೋವು,pain
ನೋವಿನಿಂದ ಕೂಡಿದೆ,painful
ಬಣ್ಣ,paint
ವರ್ಣಚಿತ್ರಕಾರ,painter
ಚಿತ್ರಕಲೆ,painting
ಜೋಡಿ,pair
ಮಸುಕಾದ,pale
ಪ್ಯಾಲೆಸ್ಟೀನಿಯನ್,Palestinian
ಪಾಮ್,palm
ಪ್ಯಾನ್,pan
ಫಲಕ,panel
ಪ್ಯಾಂಟ್,pant
ಕಾಗದ,paper
ಪ್ಯಾರಾಗ್ರಾಫ್,paragraph
ಪೋಷಕರು,parent
ಉದ್ಯಾನ,park
ಪಾರ್ಕಿಂಗ್,parking
ಭಾಗ,part
ಭಾಗವಹಿಸುವವರು,participant
ಭಾಗವಹಿಸು,participate
ಭಾಗವಹಿಸುವಿಕೆ,participation
ನಿರ್ದಿಷ್ಟ,particular
ನಿರ್ದಿಷ್ಟವಾಗಿ,particularly
ಭಾಗಶಃ,partly
ಪಾಲುದಾರ,partner
ಪಾಲುದಾರಿಕೆ,partnership
ಪಕ್ಷ,party
ಉತ್ತೀರ್ಣ,pass
ಅಂಗೀಕಾರ,passage
ಪ್ರಯಾಣಿಕ,passenger
ಉತ್ಸಾಹ,passion
ಹಿಂದಿನ,past
ತೇಪೆ,patch
ಮಾರ್ಗ,path
ತಾಳ್ಮೆ,patient
ಮಾದರಿ,pattern
ವಿರಾಮ,pause
ಪಾವತಿ,pay
ಪಾವತಿ,payment
ಪಿಸಿ,PC
ಶಾಂತಿ,peace
ಉತ್ತುಂಗ,peak
ಗೆಳೆಯ,peer
ದಂಡ,penalty
ಜನರು,people
ಮೆಣಸು,pepper
ಪ್ರತಿ,per
ಗ್ರಹಿಸು,perceive
ಶೇಕಡಾವಾರು,percentage
ಗ್ರಹಿಕೆ,perception
ಪರಿಪೂರ್ಣ,perfect
ಸಂಪೂರ್ಣವಾಗಿ,perfectly
ನಿರ್ವಹಿಸು,perform
ಕಾರ್ಯಕ್ಷಮತೆ,performance
ಬಹುಶಃ,perhaps
ಅವಧಿ,period
ಶಾಶ್ವತ,permanent
ಅನುಮತಿ,permission
ಅನುಮತಿ,permit
ವ್ಯಕ್ತಿ,person
ವೈಯಕ್ತಿಕ,personal
ವ್ಯಕ್ತಿತ್ವ,personality
ವೈಯಕ್ತಿಕವಾಗಿ,personally
ಸಿಬ್ಬಂದಿ,personnel
ದೃಷ್ಟಿಕೋನ,perspective
ಮನವೊಲಿಸು,persuade
ಸಾಕು,pet
ಹಂತ,phase
ವಿದ್ಯಮಾನ,phenomenon
ತತ್ವಶಾಸ್ತ್ರ,philosophy
ದೂರವಾಣಿ,phone
ಫೋಟೋ,photo
ಛಾಯಾಚಿತ್ರ,photograph
ಛಾಯಾಗ್ರಾಹಕ,photographer
ನುಡಿಗಟ್ಟು,phrase
ದೈಹಿಕ,physical
ದೈಹಿಕವಾಗಿ,physically
ವೈದ್ಯ,physician
ಪಿಯಾನೋ,piano
ಆಯ್ಕೆ,pick
ಚಿತ್ರ,picture
ಪೈ,pie
ತುಂಡು,piece
ರಾಶಿ,pile
ಪೈಲಟ್,pilot
ಪೈನ್,pine
ಗುಲಾಬಿ,pink
ಪೈಪ್,pipe
ಪಿಚ್,pitch
ಸ್ಥಳ,place
ಸರಳ,plain
ಯೋಜನೆ,plan
ವಿಮಾನ,plane
ಗ್ರಹ,planet
ಯೋಜನೆ,planning
ಸಸ್ಯ,plant
ಪ್ಲಾಸ್ಟಿಕ್,plastic
ತಟ್ಟೆ,plate
ವೇದಿಕೆ,platform
ಆಟವಾಡು,play
ಆಟಗಾರ,player
ದಯವಿಟ್ಟು,please
ಸಂತೋಷ,pleasure
ಸಾಕಷ್ಟು,plenty
ಕಥಾವಸ್ತು,plot
ಬಹುವಚನ,plural
ಜೊತೆಗೆ,plus
ಪಾಕೆಟ್,pocket
ಕವಿತೆ,poem
ಕವಿ,poet
ಕಾವ್ಯ,poetry
ಪಾಯಿಂಟ್,point
ಧ್ರುವ,pole
ಪೊಲೀಸ್,police
ನೀತಿ,policy
ರಾಜಕೀಯ,political
ರಾಜಕೀಯವಾಗಿ,politically
ರಾಜಕಾರಣಿ,politician
ರಾಜಕೀಯ,politics
ಮತದಾನ,poll
ಮಾಲಿನ್ಯ,pollution
ಕೊಳ,pool
ಬಡ,poor
ಪಾಪ್,pop
ಜನಪ್ರಿಯ,popular
ಜನಸಂಖ್ಯೆ,populate
ಜನಸಂಖ್ಯೆ,population
ಮುಖಮಂಟಪ,porch
ಬಂದರು,port
ಭಾಗ,portion
ಭಾವಚಿತ್ರ,portrait
ಬಿಂಬಿಸಲು,portray
ಭಂಗಿ,pose
ಸ್ಥಾನ,position
ಧನಾತ್ಮಕ,positive
ಹೊಂದಿವೆ,possess
ಸಾಧ್ಯತೆ,possibility
ಸಾಧ್ಯ,possible
ಬಹುಶಃ,possibly
ಪೋಸ್ಟ್,post
ಮಡಕೆ,pot
ಆಲೂಗಡ್ಡೆ,potato
ಸಂಭಾವ್ಯ,potential
ಸಮರ್ಥವಾಗಿ,potentially
ಪೌಂಡ್,pound
ಸುರಿಯಿರಿ,pour
ಬಡತನ,poverty
ಪುಡಿ,powder
ಶಕ್ತಿ,power
ಶಕ್ತಿಯುತ,powerful
ಪ್ರಾಯೋಗಿಕ,practical
ಅಭ್ಯಾಸ,practice
ಪ್ರಾರ್ಥನೆ,pray
ಪ್ರಾರ್ಥನೆ,prayer
ನಿಖರವಾಗಿ,precisely
ಊಹಿಸಿ,predict
ಆದ್ಯತೆ,prefer
ಆದ್ಯತೆ,preference
ಗರ್ಭಧಾರಣೆ,pregnancy
ಗರ್ಭಿಣಿ,pregnant
ತಯಾರಿ,preparation
ತಯಾರು,prepare
ಪ್ರಿಸ್ಕ್ರಿಪ್ಷನ್,prescription
ಉಪಸ್ಥಿತಿ,presence
ಪ್ರಸ್ತುತ,present
ಪ್ರಸ್ತುತಿ,presentation
ಸಂರಕ್ಷಿಸಿ,preserve
ಅಧ್ಯಕ್ಷ,president
ಅಧ್ಯಕ್ಷೀಯ,presidential
ಒತ್ತಿ,press
ಒತ್ತಡ,pressure
ನಟಿಸು,pretend
ಸುಂದರ,pretty
ತಡೆಯಲು,prevent
ಹಿಂದಿನ,previous
ಇದಕ್ಕೂ ಮುಂಚೆ,previously
ಬೆಲೆ,price
ಹೆಮ್ಮೆಯ,pride
ಪಾದ್ರಿ,priest
ಪ್ರಾಥಮಿಕವಾಗಿ,primarily
ಪ್ರಾಥಮಿಕ,primary
ಅವಿಭಾಜ್ಯ,prime
ಪ್ರಧಾನ,principal
ತತ್ವ,principle
ಮುದ್ರಿಸಿ,print
ಮೊದಲು,prior
ಆದ್ಯತೆ,priority
ಜೈಲು,prison
ಖೈದಿ,prisoner
ಗೌಪ್ಯತೆ,privacy
ಖಾಸಗಿ,private
ಸಂಭವನೀಯ,probable
ಬಹುಶಃ,probably
ಸಮಸ್ಯೆ,problem
ವಿಧಾನ,procedure
ಮುಂದುವರೆಯಲು,proceed
ಪ್ರಕ್ರಿಯೆ,process
ಉತ್ಪಾದಿಸು,produce
ನಿರ್ಮಾಪಕ,producer
ಉತ್ಪನ್ನ,product
ಉತ್ಪಾದನೆ,production
ವೃತ್ತಿ,profession
ವೃತ್ತಿಪರ,professional
ಪ್ರಾಧ್ಯಾಪಕ,professor
ಪ್ರೊಫೈಲ್,profile
ಲಾಭ,profit
ಕಾರ್ಯಕ್ರಮ,program
ಪ್ರಗತಿ,progress
ಯೋಜನೆ,project
ಪ್ರಮುಖ,prominent
ಭರವಸೆ,promise
ಪ್ರಚಾರ,promote
ಪ್ರಾಂಪ್ಟ್,prompt
ಪುರಾವೆ,proof
ಸರಿಯಾದ,proper
ಸರಿಯಾಗಿ,properly
ಆಸ್ತಿ,property
ಅನುಪಾತ,proportion
ಪ್ರಸ್ತಾಪ,proposal
ಪ್ರಸ್ತಾಪಿಸು,propose
ಪ್ರಸ್ತಾಪಿಸಿದರು,proposed
ಪ್ರಾಸಿಕ್ಯೂಟರ್,prosecutor
ನಿರೀಕ್ಷೆ,prospect
ರಕ್ಷಿಸಿ,protect
ರಕ್ಷಣೆ,protection
ಪ್ರೋಟೀನ್,protein
ಪ್ರತಿಭಟನೆ,protest
ಹೆಮ್ಮೆ,proud
ಸಾಬೀತು,prove
ಒದಗಿಸುತ್ತವೆ,provide
ಒದಗಿಸುವವರು,provider
ಪ್ರಾಂತ್ಯ,province
ನಿಬಂಧನೆ,provision
ಮಾನಸಿಕ,psychological
ಮನಶ್ಶಾಸ್ತ್ರಜ್ಞ,psychologist
ಮನೋವಿಜ್ಞಾನ,psychology
ಸಾರ್ವಜನಿಕ,public
ಪ್ರಕಟಣೆ,publication
ಸಾರ್ವಜನಿಕವಾಗಿ,publicly
ಪ್ರಕಟಿಸಿ,publish
ಪ್ರಕಾಶಕರು,publisher
ಎಳೆಯಿರಿ,pull
ಶಿಕ್ಷೆ,punishment
ಖರೀದಿ,purchase
ಶುದ್ಧ,pure
ಉದ್ದೇಶ,purpose
ಮುಂದುವರಿಸು,pursue
ತಳ್ಳುವುದು,push
ಹಾಕಿದರು,put
ಅರ್ಹತೆ,qualify
ಗುಣಮಟ್ಟ,quality
ಕಾಲುಭಾಗ,quart
ಕಾಲು,quarter
ಕಾಲುಭಾಗ,quarterback
ಪ್ರಶ್ನೆ,question
ತ್ವರಿತ,quick
ತ್ವರಿತವಾಗಿ,quickly
ಶಾಂತ,quiet
ಸದ್ದಿಲ್ಲದೆ,quietly
ಬಿಟ್ಟು,quit
ಸಾಕಷ್ಟು,quite
ಉಲ್ಲೇಖ,quote
ಅಂಶ,quotient
ಜನಾಂಗ,race
ಜನಾಂಗೀಯ,racial
ಆಮೂಲಾಗ್ರ,radical
ರೇಡಿಯೋ,radio
ರೈಲು,rail
ಮಳೆ,rain
ಏರಿಸಿ,raise
ಓಡಿತು,ran
ವ್ಯಾಪ್ತಿ,range
ಶ್ರೇಣಿ,rank
ಕ್ಷಿಪ್ರ,rapid
ವೇಗವಾಗಿ,rapidly
ಅಪರೂಪ,rare
ವಿರಳವಾಗಿ,rarely
ದರ,rate
ಬದಲಾಗಿ,rather
ರೇಟಿಂಗ್,rating
ಅನುಪಾತ,ratio
ಕಚ್ಚಾ,raw
ತಲುಪಲು,reach
ಪ್ರತಿಕ್ರಿಯಿಸಿ,react
ಪ್ರತಿಕ್ರಿಯೆ,reaction
ಓದಿ,read
ಓದುಗ,reader
ಓದುವುದು,reading
ಸಿದ್ಧ,ready
ನೈಜ,real
ವಾಸ್ತವ,reality
ಅರಿತುಕೊಳ್ಳಿ,realize
ನಿಜವಾಗಿಯೂ,really
ಕಾರಣ,reason
ಸಮಂಜಸವಾದ,reasonable
ಮರುಸ್ಥಾಪನೆ,recall
ಸ್ವೀಕರಿಸಿ,receive
ಇತ್ತೀಚಿನ,recent
ಇತ್ತೀಚೆಗೆ,recently
ಪಾಕವಿಧಾನ,recipe
ಗುರುತಿಸುವಿಕೆ,recognition
ಗುರುತಿಸಿ,recognize
ಶಿಫಾರಸು ಮಾಡಿ,recommend
ಶಿಫಾರಸು,recommendation
ದಾಖಲೆ,record
ರೆಕಾರ್ಡಿಂಗ್,recording
ಗುಣಮುಖರಾಗಲು,recover
ಚೇತರಿಕೆ,recovery
ನೇಮಕಾತಿ,recruit
ಕೆಂಪು,red
ಕಡಿಮೆ,reduce
ಕಡಿತ,reduction
ಉಲ್ಲೇಖಿಸಿ,refer
ಉಲ್ಲೇಖ,reference
ಪ್ರತಿಬಿಂಬಿಸು,reflect
ಪ್ರತಿಫಲನ,reflection
ಸುಧಾರಣೆ,reform
ನಿರಾಶ್ರಿತ,refugee
ನಿರಾಕರಿಸು,refuse
ಪರಿಗಣಿಸಿ,regard
ಸಂಬಂಧಿಸಿದಂತೆ,regarding
ಲೆಕ್ಕಿಸದೆ,regardless
ಆಡಳಿತ,regime
ಪ್ರದೇಶ,region
ಪ್ರಾದೇಶಿಕ,regional
ನೋಂದಣಿ,register
ನಿಯಮಿತ,regular
ನಿಯಮಿತವಾಗಿ,regularly
ನಿಯಂತ್ರಿಸಿ,regulate
ನಿಯಂತ್ರಣ,regulation
ಬಲಪಡಿಸಲು,reinforce
ತಿರಸ್ಕರಿಸು,reject
ಸಂಬಂಧ,relate
ಸಂಬಂಧ,relation
ಸಂಬಂಧ,relationship
ಸಂಬಂಧಿ,relative
ತುಲನಾತ್ಮಕವಾಗಿ,relatively
ವಿಶ್ರಾಂತಿ,relax
ಬಿಡುಗಡೆ,release
ಸಂಬಂಧಿತ,relevant
ಪರಿಹಾರ,relief
ಧರ್ಮ,religion
ಧಾರ್ಮಿಕ,religious
ಅವಲಂಬಿಸಿವೆ,rely
ಉಳಿಯುತ್ತದೆ,remain
ಉಳಿದ,remaining
ಗಮನಾರ್ಹ,remarkable
ನೆನಪಿಡಿ,remember
ನೆನಪಿನಲ್ಲಿ,remind
ದೂರಸ್ಥ,remote
ತೆಗೆದುಹಾಕಿ,remove
ಪುನರಾವರ್ತಿಸಿ,repeat
ಪದೇ ಪದೇ,repeatedly
ಬದಲಿಸಿ,replace
ಪ್ರತ್ಯುತ್ತರ,reply
ವರದಿ,report
ವರದಿಗಾರ,reporter
ಪ್ರತಿನಿಧಿಸುತ್ತವೆ,represent
ಪ್ರಾತಿನಿಧ್ಯ,representation
ಪ್ರತಿನಿಧಿ,representative
ರಿಪಬ್ಲಿಕನ್,Republican
ಖ್ಯಾತಿ,reputation
ವಿನಂತಿ,request
ಅಗತ್ಯವಿದೆ,require
ಅವಶ್ಯಕತೆ,requirement
ಸಂಶೋಧನೆ,research
ಸಂಶೋಧಕ,researcher
ಹೋಲುತ್ತವೆ,resemble
ಮೀಸಲಾತಿ,reservation
ನಿವಾಸಿ,resident
ವಿರೋಧಿಸಲು,resist
ಪ್ರತಿರೋಧ,resistance
ರೆಸಲ್ಯೂಶನ್,resolution
ಪರಿಹರಿಸಲು,resolve
ರೆಸಾರ್ಟ್,resort
ಸಂಪನ್ಮೂಲ,resource
ಗೌರವ,respect
ಪ್ರತಿಕ್ರಿಯಿಸಿ,respond
ಪ್ರತಿವಾದಿ,respondent
ಪ್ರತಿಕ್ರಿಯೆ,response
ಜವಾಬ್ದಾರಿ,responsibility
ಜವಾಬ್ದಾರಿ,responsible
ಉಳಿದ,rest
ಉಪಹಾರ ಗೃಹ,restaurant
ಪುನಃಸ್ಥಾಪಿಸು,restore
ನಿರ್ಬಂಧ,restriction
ಫಲಿತಾಂಶ,result
ಉಳಿಸಿಕೊಳ್ಳಲು,retain
ನಿವೃತ್ತಿ,retire
ನಿವೃತ್ತಿ,retirement
ಹಿಂತಿರುಗಿ,return
ಬಹಿರಂಗಪಡಿಸು,reveal
ಆದಾಯ,revenue
ಸಮೀಕ್ಷೆ,review
ಕ್ರಾಂತಿ,revolution
ಲಯ,rhythm
ಅಕ್ಕಿ,rice
ಶ್ರೀಮಂತ,rich
ತೊಡೆದುಹಾಕಲು,rid
ಸವಾರಿ,ride
ರೈಫಲ್,rifle
ಸರಿ,right
ರಿಂಗ್,ring
ಏರಿಕೆ,rise
ಅಪಾಯ,risk
ನದಿ,river
ರಸ್ತೆ,road
ಬಂಡೆ,rock
ಪಾತ್ರ,role
ರೋಲ್,roll
ರೋಮ್ಯಾಂಟಿಕ್,romantic
ಛಾವಣಿ,roof
ಕೊಠಡಿ,room
ಬೇರು,root
ಹಗ್ಗ,rope
ಗುಲಾಬಿ,rose
ಒರಟು,rough
ಸ್ಥೂಲವಾಗಿ,roughly
ಸುತ್ತಿನಲ್ಲಿ,round
ಮಾರ್ಗ,route
ದಿನಚರಿ,routine
ಸಾಲು,row
ರಬ್,rub
ನಿಯಮ,rule
ಓಡು,run
ಓಡುತ್ತಿದೆ,running
ಗ್ರಾಮೀಣ,rural
ವಿಪರೀತ,rush
ರಷ್ಯನ್,Russian
ಪವಿತ್ರ,sacred
ದುಃಖ,sad
ಸುರಕ್ಷಿತ,safe
ಸುರಕ್ಷತೆ,safety
ಹೇಳಿದರು,said
ನೌಕಾಯಾನ,sail
ಸಲುವಾಗಿ,sake
ಸಲಾಡ್,salad
ಸಂಬಳ,salary
ಮಾರಾಟ,sale
ಮಾರಾಟ,sales
ಉಪ್ಪು,salt
ಅದೇ,same
ಮಾದರಿ,sample
ಮಂಜೂರಾತಿ,sanction
ಮರಳು,sand
ಕುಳಿತು,sat
ಉಪಗ್ರಹ,satellite
ತೃಪ್ತಿ,satisfaction
ತೃಪ್ತಿ,satisfy
ಸಾಸ್,sauce
ಉಳಿಸಿ,save
ಉಳಿತಾಯ,saving
ಕಂಡಿತು,saw
ಹೇಳು,say
ಪ್ರಮಾಣದ,scale
ಹಗರಣ,scandal
ಹೆದರಿದ,scared
ಸನ್ನಿವೇಶ,scenario
ದೃಶ್ಯ,scene
ವೇಳಾಪಟ್ಟಿ,schedule
ಯೋಜನೆ,scheme
ವಿದ್ವಾಂಸ,scholar
ವಿದ್ಯಾರ್ಥಿವೇತನ,scholarship
ಶಾಲೆ,school
ವಿಜ್ಞಾನ,science
ವೈಜ್ಞಾನಿಕ,scientific
ವಿಜ್ಞಾನಿ,scientist
ವ್ಯಾಪ್ತಿ,scope
ಸ್ಕೋರ್,score
ಕಿರುಚು,scream
ಪರದೆಯ,screen
ಲಿಪಿ,script
ಸಮುದ್ರ,sea
ಹುಡುಕಿ Kannada,search
ತು,season
ಆಸನ,seat
ಎರಡನೇ,second
ರಹಸ್ಯ,secret
ಕಾರ್ಯದರ್ಶಿ,secretary
ವಿಭಾಗ,section
ವಲಯ,sector
ಸುರಕ್ಷಿತ,secure
ಭದ್ರತೆ,security
ನೋಡಿ,see
ಬೀಜ,seed
ಹುಡುಕುವುದು,seek
ತೋರುತ್ತದೆ,seem
ವಿಭಾಗ,segment
ವಶಪಡಿಸಿಕೊಳ್ಳಿ,seize
ಆಯ್ಕೆ ಮಾಡಿ,select
ಆಯ್ಕೆ,selection
ಸ್ವಯಂ,self
ಮಾರಾಟ,sell
ಸೆನೆಟ್,Senate
ಸೆನೆಟರ್,senator
ಕಳುಹಿಸು,send
ಹಿರಿಯ,senior
ಅರ್ಥ,sense
ಸೂಕ್ಷ್ಮ,sensitive
ಕಳುಹಿಸಲಾಗಿದೆ,sent
ವಾಕ್ಯ,sentence
ಪ್ರತ್ಯೇಕ,separate
ಅನುಕ್ರಮ,sequence
ಸರಣಿ,series
ಗಂಭೀರ,serious
ಗಂಭೀರವಾಗಿ,seriously
ಸೇವೆ,serve
ಸೇವೆ,service
ಅಧಿವೇಶನ,session
ಸೆಟ್,set
ಸೆಟ್ಟಿಂಗ್,setting
ಇತ್ಯರ್ಥ,settle
ವಸಾಹತು,settlement
ಏಳು,seven
ಹಲವಾರು,several
ತೀವ್ರ,severe
ಸೆಕ್ಸ್,sex
ಲೈಂಗಿಕ,sexual
ನೆರಳು,shade
ನೆರಳು,shadow
ಅಲುಗಾಡಿಸಿ,shake
ಹಾಗಿಲ್ಲ,shall
ಆಕಾರ,shape
ಹಂಚಿಕೊಳ್ಳಿ,share
ಚೂಪಾದ,sharp
ಅವಳು,she
ಹಾಳೆ,sheet
ಕಪಾಟು,shelf
ಶೆಲ್,shell
ಆಶ್ರಯ,shelter
ಶಿಫ್ಟ್,shift
ಹೊಳಪು,shine
ಹಡಗು,ship
ಅಂಗಿ,shirt
ಶಿಟ್,shit
ಆಘಾತ,shock
ಶೂ,shoe
ಶೂಟ್,shoot
ಶೂಟಿಂಗ್,shooting
ಅಂಗಡಿ,shop
ಶಾಪಿಂಗ್,shopping
ತೀರ,shore
ಚಿಕ್ಕದು,short
ಶೀಘ್ರದಲ್ಲೇ,shortly
ಗುಂಡು,shot
ಮಾಡಬೇಕು,should
ಭುಜ,shoulder
ಹುಯಿಲಿಡು,shout
ಪ್ರದರ್ಶನ,show
ಶವರ್,shower
ಹೆಗಲು,shrug
ಮುಚ್ಚಿ,shut
ಅನಾರೋಗ್ಯ,sick
ಕಡೆ,side
ನಿಟ್ಟುಸಿರು,sigh
ದೃಷ್ಟಿ,sight
ಚಿಹ್ನೆ,sign
ಸಂಕೇತ,signal
ಮಹತ್ವ,significance
ಗಮನಾರ್ಹ,significant
ಗಮನಾರ್ಹವಾಗಿ,significantly
ಮೌನ,silence
ಮೂಕ,silent
ಬೆಳ್ಳಿ,silver
ಇದೇ,similar
ಅಂತೆಯೇ,similarly
ಸರಳ,simple
ಸುಮ್ಮನೆ,simply
ಪಾಪ,sin
ಅಂದಿನಿಂದ,since
ಹಾಡಿ,sing
ಗಾಯಕ,singer
ಒಂಟಿ,single
ಮುಳುಗಿಸು,sink
ಶ್ರೀಮಾನ್,sir
ಸಹೋದರಿ,sister
ಕುಳಿತುಕೊಳ್ಳಿ,sit
ಸೈಟ್,site
ಪರಿಸ್ಥಿತಿ,situation
ಆರು,six
ಗಾತ್ರ,size
ಸ್ಕೀ,ski
ಕೌಶಲ್ಯ,skill
ಚರ್ಮ,skin
ಆಕಾಶ,sky
ಗುಲಾಮ,slave
ನಿದ್ರೆ,sleep
ಸ್ಲೈಸ್,slice
ಸ್ಲೈಡ್,slide
ಸ್ವಲ್ಪ,slight
ಸ್ವಲ್ಪ,slightly
ಸ್ಲಿಪ್,slip
ನಿಧಾನ,slow
ನಿಧಾನವಾಗಿ,slowly
ಸಣ್ಣ,small
ಬುದ್ಧಿವಂತ,smart
ವಾಸನೆ,smell
ನಗು,smile
ಹೊಗೆ,smoke
ನಯವಾದ,smooth
ಸ್ನ್ಯಾಪ್,snap
ಹಿಮ,snow
ಆದ್ದರಿಂದ,so
ಕರೆಯಲ್ಪಡುವ,so-called
ಸಾಕರ್,soccer
ಸಾಮಾಜಿಕ,social
ಸಮಾಜ,society
ಮೃದು,soft
ಸಾಫ್ಟ್ವೇರ್,software
ಮಣ್ಣು,soil
ಸೌರ,solar
ಸೈನಿಕ,soldier
ಘನ,solid
ಪರಿಹಾರ,solution
ಪರಿಹರಿಸು,solve
ಕೆಲವು,some
ಯಾರೋ,somebody
ಹೇಗೋ,somehow
ಯಾರೋ,someone
ಏನೋ,something
ಕೆಲವೊಮ್ಮೆ,sometimes
ಸ್ವಲ್ಪಮಟ್ಟಿಗೆ,somewhat
ಎಲ್ಲೋ,somewhere
ಮಗ,son
ಹಾಡು,song
ಶೀಘ್ರದಲ್ಲೇ,soon
ಅತ್ಯಾಧುನಿಕ,sophisticated
ಕ್ಷಮಿಸಿ,sorry
ವಿಂಗಡಿಸು,sort
ಆತ್ಮ,soul
ಧ್ವನಿ,sound
ಸೂಪ್,soup
ಮೂಲ,source
ದಕ್ಷಿಣ,south
ದಕ್ಷಿಣ,southern
ಸೋವಿಯತ್,Soviet
ಜಾಗ,space
ಸ್ಪ್ಯಾನಿಷ್,Spanish
ಮಾತನಾಡು,speak
ಸ್ಪೀಕರ್,speaker
ವಿಶೇಷ,special
ತಜ್ಞ,specialist
ಜಾತಿಗಳು,species
ನಿರ್ದಿಷ್ಟ,specific
ನಿರ್ದಿಷ್ಟವಾಗಿ,specifically
ಭಾಷಣ,speech
ವೇಗ,speed
ಕಾಗುಣಿತ,spell
ಖರ್ಚು ಮಾಡಿ,spend
ಖರ್ಚು,spending
ಸ್ಪಿನ್,spin
ಚೈತನ್ಯ,spirit
ಆಧ್ಯಾತ್ಮಿಕ,spiritual
ವಿಭಜನೆ,split
ಮಾತನಾಡಿದರು,spoke
ವಕ್ತಾರ,spokesman
ಕ್ರೀಡೆ,sport
ಸ್ಪಾಟ್,spot
ಹರಡುವಿಕೆ,spread
ವಸಂತ,spring
ಚೌಕ,square
ಹಿಂಡು,squeeze
ಸ್ಥಿರತೆ,stability
ಅಚಲವಾದ,stable
ಸಿಬ್ಬಂದಿ,staff
ವೇದಿಕೆ,stage
ಮೆಟ್ಟಿಲು,stair
ಪಾಲನ್ನು,stake
ನಿಂತುಕೊಳ್ಳಿ,stand
ಪ್ರಮಾಣಿತ,standard
ನಿಂತಿರುವ,standing
ನಕ್ಷತ್ರ,star
ದಿಟ್ಟಿಸಿ,stare
ಆರಂಭ,start
ರಾಜ್ಯ,state
ಹೇಳಿಕೆ,statement
ನಿಲ್ದಾಣ,station
ಅಂಕಿಅಂಶಗಳು,statistics
ಸ್ಥಿತಿ,status
ಇರು,stay
ಬದಲಾಗಿ,stead
ಸ್ಥಿರ,steady
ಕದಿಯಲು,steal
ಉಗಿ,steam
ಉಕ್ಕು,steel
ಹಂತ,step
ಸ್ಟಿಕ್,stick
ಇನ್ನೂ,still
ಬೆರೆಸಿ,stir
ಸ್ಟಾಕ್,stock
ಹೊಟ್ಟೆ,stomach
ಕಲ್ಲು,stone
ನಿಂತರು,stood
ನಿಲ್ಲಿಸು,stop
ಸಂಗ್ರಹಣೆ,storage
ಅಂಗಡಿ,store
ಚಂಡಮಾರುತ,storm
ಕಥೆ,story
ನೇರ,straight
ವಿಚಿತ್ರ,strange
ಅಪರಿಚಿತ,stranger
ಕಾರ್ಯತಂತ್ರದ,strategic
ತಂತ್ರ,strategy
ಸ್ಟ್ರೀಮ್,stream
ರಸ್ತೆ,street
ಶಕ್ತಿ,strength
ಬಲಪಡಿಸು,strengthen
ಒತ್ತಡ,stress
ಹಿಗ್ಗಿಸು,stretch
ಮುಷ್ಕರ,strike
ಸ್ಟ್ರಿಂಗ್,string
ಸ್ಟ್ರಿಪ್,strip
ಸ್ಟ್ರೋಕ್,stroke
ಬಲವಾದ,strong
ಬಲವಾಗಿ,strongly
ರಚನೆ,structure
ಹೋರಾಟ,struggle
ವಿದ್ಯಾರ್ಥಿ,student
ಸ್ಟುಡಿಯೋ,studio
ಅಧ್ಯಯನ,study
ಸ್ಟಫ್,stuff
ಮೂರ್ಖ,stupid
ಶೈಲಿ,style
ವಿಷಯ,subject
ಸಲ್ಲಿಸು,submit
ನಂತರದ,subsequent
ವಸ್ತು,substance
ಗಣನೀಯ,substantial
ಕಳೆಯಿರಿ,subtract
ಯಶಸ್ವಿಯಾಗು,succeed
ಯಶಸ್ಸು,success
ಯಶಸ್ವಿ,successful
ಯಶಸ್ವಿಯಾಗಿ,successfully
ಅಂತಹ,such
ಹಠಾತ್,sudden
ಇದ್ದಕ್ಕಿದ್ದಂತೆ,suddenly
ಮೊಕದ್ದಮೆ ಹೂಡಿ,sue
ಬಳಲುತ್ತಿದ್ದಾರೆ,suffer
ಸಾಕಷ್ಟು,sufficient
ಪ್ರತ್ಯಯ,suffix
ಸಕ್ಕರೆ,sugar
ಸೂಚಿಸುತ್ತದೆ,suggest
ಸಲಹೆ,suggestion
ಆತ್ಮಹತ್ಯೆ,suicide
ಸೂಟ್,suit
ಬೇಸಿಗೆ,summer
ಶೃಂಗಸಭೆಯಲ್ಲಿ,summit
ಸೂರ್ಯ,sun
ಚೆನ್ನಾಗಿದೆ,super
ಪೂರೈಕೆ,supply
ಬೆಂಬಲ,support
ಬೆಂಬಲಿಗ,supporter
ಊಹಿಸಿಕೊಳ್ಳಿ,suppose
ಭಾವಿಸಲಾದ,supposed
ಸುಪ್ರೀಂ,Supreme
ಖಚಿತ,sure
ಖಂಡಿತವಾಗಿ,surely
ಮೇಲ್ಮೈ,surface
ಶಸ್ತ್ರಚಿಕಿತ್ಸೆ,surgery
ಆಶ್ಚರ್ಯ,surprise
ಆಶ್ಚರ್ಯ,surprised
ಆಶ್ಚರ್ಯಕರ,surprising
ಆಶ್ಚರ್ಯಕರವಾಗಿ,surprisingly
ಸರೌಂಡ್,surround
ಸಮೀಕ್ಷೆ,survey
ಉಳಿವು,survival
ಬದುಕುಳಿಯಿರಿ,survive
ಬದುಕುಳಿದವರು,survivor
ಶಂಕಿತ,suspect
ಉಳಿಸಿಕೊಳ್ಳಲು,sustain
ಪ್ರತಿಜ್ಞೆ,swear
ಗುಡಿಸಿ,sweep
ಸಿಹಿ,sweet
ಈಜು,swim
ಸ್ವಿಂಗ್,swing
ಸ್ವಿಚ್,switch
ಉಚ್ಚಾರಾಂಶ,syllable
ಚಿಹ್ನೆ,symbol
ಲಕ್ಷಣ,symptom
ವ್ಯವಸ್ಥೆ,system
ಟೇಬಲ್,table
ಚಮಚ,tablespoon
ತಂತ್ರ,tactic
ಬಾಲ,tail
ತೆಗೆದುಕೊಳ್ಳಿ,take
ಕಥೆ,tale
ಪ್ರತಿಭೆ,talent
ಮಾತು,talk
ಎತ್ತರದ,tall
ಟ್ಯಾಂಕ್,tank
ಟ್ಯಾಪ್ ಮಾಡಿ,tap
ಟೇಪ್,tape
ಗುರಿ,target
ಕಾರ್ಯ,task
ರುಚಿ,taste
ತೆರಿಗೆ,tax
ತೆರಿಗೆದಾರ,taxpayer
ಚಹಾ,tea
ಕಲಿಸು,teach
ಶಿಕ್ಷಕ,teacher
ಬೋಧನೆ,teaching
ತಂಡ,team
ಕಣ್ಣೀರು,tear
ಟೀಚಮಚ,teaspoon
ತಾಂತ್ರಿಕ,technical
ತಂತ್ರ,technique
ತಂತ್ರಜ್ಞಾನ,technology
ಹದಿಹರೆಯದವರು,teen
ಹದಿಹರೆಯದವರು,teenager
ಹಲ್ಲುಗಳು,teeth
ದೂರವಾಣಿ,telephone
ದೂರದರ್ಶಕ,telescope
ದೂರದರ್ಶನ,television
ಹೇಳಿ,tell
ತಾಪಮಾನ,temperature
ತಾತ್ಕಾಲಿಕ,temporary
ಹತ್ತು,ten
ಒಲವು,tend
ಪ್ರವೃತ್ತಿ,tendency
ಟೆನಿಸ್,tennis
ಉದ್ವೇಗ,tension
ಡೇರೆ,tent
ಅವಧಿ,term
ನಿಯಮಗಳು,terms
ಭಯಾನಕ,terrible
ಪ್ರದೇಶ,territory
ಭಯೋತ್ಪಾದನೆ,terror
ಭಯೋತ್ಪಾದನೆ,terrorism
ಭಯೋತ್ಪಾದಕ,terrorist
ಪರೀಕ್ಷೆ,test
ಸಾಕ್ಷಿ,testify
ಪುರಾವೆಯನ್ನು,testimony
ಪರೀಕ್ಷೆ,testing
ಪಠ್ಯ,text
ಗಿಂತ,than
ಧನ್ಯವಾದಗಳು,thank
ಧನ್ಯವಾದಗಳು,thanks
ಎಂದು,that
ದಿ,the
ರಂಗಭೂಮಿ,theater
ಅವರ,their
ಅವರು,them
ಥೀಮ್,theme
ತಮ್ಮನ್ನು,themselves
ನಂತರ,then
ಸಿದ್ಧಾಂತ,theory
ಚಿಕಿತ್ಸೆ,therapy
ಅಲ್ಲಿ,there
ಆದ್ದರಿಂದ,therefore
ಇವು,these
ಅವರು,they
ದಪ್ಪ,thick
ತೆಳುವಾದ,thin
ವಿಷಯ,thing
ಯೋಚಿಸು,think
ಆಲೋಚನೆ,thinking
ಮೂರನೇ,third
ಮೂವತ್ತು,thirty
ಈ,this
ಆ,those
ಆದರೂ,though
ವಿಚಾರ,thought
ಸಾವಿರ,thousand
ಬೆದರಿಕೆ,threat
ಬೆದರಿಕೆ ಹಾಕುತ್ತಾರೆ,threaten
ಮೂರು,three
ಗಂಟಲು,throat
ಮೂಲಕ,through
ಉದ್ದಕ್ಕೂ,throughout
ಎಸೆಯಿರಿ,throw
ಹೀಗಾಗಿ,thus
ಟಿಕೆಟ್,ticket
ಕಟ್ಟು,tie
ಬಿಗಿಯಾದ,tight
ಸಮಯ,time
ಚಿಕ್ಕದು,tiny
ತುದಿ,tip
ಟೈರ್,tire
ದಣಿದ,tired
ಅಂಗಾಂಶ,tissue
ಶೀರ್ಷಿಕೆ,title
ಗೆ,to
ತಂಬಾಕು,tobacco
ಇಂದು,today
ಕಾಲ್ಬೆರಳು,toe
ಒಟ್ಟಿಗೆ,together
ಹೇಳಿದೆ,told
ಟೊಮೆಟೊ,tomato
ನಾಳೆ,tomorrow
ಸ್ವರ,tone
ನಾಲಿಗೆ,tongue
ಇಂದು ರಾತ್ರಿ,tonight
ತುಂಬಾ,too
ತೆಗೆದುಕೊಂಡಿತು,took
ಉಪಕರಣ,tool
ಹಲ್ಲು,tooth
ಮೇಲ್ಭಾಗ,top
ವಿಷಯ,topic
ಟಾಸ್,toss
ಒಟ್ಟು,total
ಸಂಪೂರ್ಣವಾಗಿ,totally
ಸ್ಪರ್ಶ,touch
ಕಠಿಣ,tough
ಪ್ರವಾಸ,tour
ಪ್ರವಾಸಿ,tourist
ಪಂದ್ಯಾವಳಿಯಲ್ಲಿ,tournament
ಕಡೆಗೆ,toward
ಕಡೆಗೆ,towards
ಗೋಪುರ,tower
ಪಟ್ಟಣ,town
ಆಟಿಕೆ,toy
ಜಾಡಿನ,trace
ಟ್ರ್ಯಾಕ್,track
ವ್ಯಾಪಾರ,trade
ಸಂಪ್ರದಾಯ,tradition
ಸಾಂಪ್ರದಾಯಿಕ,traditional
ಸಂಚಾರ,traffic
ದುರಂತ,tragedy
ಜಾಡು,trail
ರೈಲು,train
ತರಬೇತಿ,training
ವರ್ಗಾವಣೆ,transfer
ರೂಪಾಂತರ,transform
ರೂಪಾಂತರ,transformation
ಪರಿವರ್ತನೆ,transition
ಅನುವಾದಿಸು,translate
ಸಾರಿಗೆ,transportation
ಪ್ರಯಾಣ,travel
ಚಿಕಿತ್ಸೆ,treat
ಚಿಕಿತ್ಸೆ,treatment
ಒಪ್ಪಂದ,treaty
ಮರ,tree
ಪ್ರಚಂಡ,tremendous
ಪ್ರವೃತ್ತಿ,trend
ವಿಚಾರಣೆ,trial
ತ್ರಿಕೋನ,triangle
ಬುಡಕಟ್ಟು,tribe
ಟ್ರಿಕ್,trick
ಪ್ರವಾಸ,trip
ಪಡೆ,troop
ತೊಂದರೆ,trouble
ಟ್ರಕ್,truck
ನಿಜವಾಗಿ,truly
ನಂಬಿಕೆ,trust
ಸತ್ಯ,truth
ಪ್ರಯತ್ನಿಸಿ,try
ಕೊಳವೆ,tube
ಸುರಂಗ,tunnel
ತಿರುಗಿ,turn
ಟಿವಿ,TV
ಹನ್ನೆರಡು,twelve
ಇಪ್ಪತ್ತು,twenty
ಎರಡು ಬಾರಿ,twice
ಅವಳಿ,twin
ಎರಡು,two
ಮಾದರಿ,type
ವಿಶಿಷ್ಟ,typical
ವಿಶಿಷ್ಟವಾಗಿ,typically
ಕೊಳಕು,ugly
ಅಂತಿಮ,ultimate
ಅಂತಿಮವಾಗಿ,ultimately
ಸಾಧ್ಯವಾಗುವುದಿಲ್ಲ,unable
ಚಿಕ್ಕಪ್ಪ,uncle
ಅಡಿಯಲ್ಲಿ,under
ಒಳಗಾಗುತ್ತಾರೆ,undergo
ಅರ್ಥ,understand
ತಿಳುವಳಿಕೆ,understanding
ದುರದೃಷ್ಟವಶಾತ್,unfortunately
ಸಮವಸ್ತ್ರ,uniform
ಒಕ್ಕೂಟ,union
ಅನನ್ಯ,unique
ಘಟಕ,unit
ಯುನೈಟೆಡ್,United
ಸಾರ್ವತ್ರಿಕ,universal
ವಿಶ್ವ,universe
ವಿಶ್ವವಿದ್ಯಾಲಯ,university
ಅಪರಿಚಿತ,unknown
ಹೊರತು,unless
ಭಿನ್ನವಾಗಿ,unlike
ಅಸಂಭವ,unlikely
ತನಕ,until
ಅಸಾಮಾನ್ಯ,unusual
ಅಪ್,up
ಮೇಲೆ,upon
ಮೇಲಿನ,upper
ನಗರ,urban
ಒತ್ತಾಯ,urge
ನಮಗೆ,us
ಬಳಕೆ,use
ಬಳಸಲಾಗಿದೆ,used
ಉಪಯುಕ್ತ,useful
ಬಳಕೆದಾರ,user
ಸಾಮಾನ್ಯ,usual
ಸಾಮಾನ್ಯವಾಗಿ,usually
ಉಪಯುಕ್ತತೆ,utility
ರಜೆ,vacation
ಕಣಿವೆ,valley
ಬೆಲೆಬಾಳುವ,valuable
ಮೌಲ್ಯ,value
ವೇರಿಯಬಲ್,variable
ವ್ಯತ್ಯಾಸ,variation
ವಿವಿಧ,variety
ವಿವಿಧ,various
ಬದಲಾಗುತ್ತವೆ,vary
ವಿಶಾಲವಾದ,vast
ತರಕಾರಿ,vegetable
ವಾಹನ,vehicle
ಸಾಹಸ,venture
ಕ್ರಿಯಾಪದ,verb
ಆವೃತ್ತಿ,version
ವಿರುದ್ಧ,versus
ತುಂಬಾ,very
ಹಡಗು,vessel
ಅನುಭವಿ,veteran
ಮೂಲಕ,via
ಬಲಿಪಶು,victim
ಗೆಲುವು,victory
ವಿಡಿಯೋ,video
ನೋಟ,view
ವೀಕ್ಷಕ,viewer
ಗ್ರಾಮ,village
ಉಲ್ಲಂಘಿಸುತ್ತಾರೆ,violate
ಉಲ್ಲಂಘನೆ,violation
ಹಿಂಸೆ,violence
ಹಿಂಸಾತ್ಮಕ,violent
ವಾಸ್ತವಿಕವಾಗಿ,virtually
ಸದ್ಗುಣ,virtue
ವೈರಸ್,virus
ಕಾಣುವ,visible
ದೃಷ್ಟಿ,vision
ಭೇಟಿ,visit
ಸಂದರ್ಶಕ,visitor
ದೃಶ್ಯ,visual
ಪ್ರಮುಖ,vital
ಧ್ವನಿ,voice
ಸಂಪುಟ,volume
ಸ್ವಯಂಸೇವಕ,volunteer
ಮತ,vote
ಮತದಾರ,voter
ಸ್ವರ,vowel
ದುರ್ಬಲ,vulnerable
ವೇತನ,wage
ನಿರೀಕ್ಷಿಸಿ,wait
ಎಚ್ಚರ,wake
ನಡೆ,walk
ಗೋಡೆ,wall
ಅಲೆದಾಡುತ್ತಾರೆ,wander
ಬೇಕು,want
ಯುದ್ಧ,war
ಬೆಚ್ಚಗಿನ,warm
ಎಚ್ಚರಿಸು,warn
ಎಚ್ಚರಿಕೆ,warning
ಆಗಿತ್ತು,was
ತೊಳೆಯಿರಿ,wash
ತ್ಯಾಜ್ಯ,waste
ಗಡಿಯಾರ,watch
ನೀರು,water
ಅಲೆ,wave
ದಾರಿ,way
ನಾವು,we
ದುರ್ಬಲ,weak
ಸಂಪತ್ತು,wealth
ಶ್ರೀಮಂತ,wealthy
ಶಸ್ತ್ರ,weapon
ಧರಿಸುತ್ತಾರೆ,wear
ಹವಾಮಾನ,weather
ಮದುವೆ,wedding
ವಾರ,week
ವಾರಾಂತ್ಯ,weekend
ಸಾಪ್ತಾಹಿಕ,weekly
ತೂಕ,weigh
ತೂಕ,weight
ಸ್ವಾಗತ,welcome
ಕಲ್ಯಾಣ,welfare
ಚೆನ್ನಾಗಿ,well
ಹೋದರು,went
ಇದ್ದರು,were
ಪಶ್ಚಿಮ,west
ಪಶ್ಚಿಮ,western
ಒದ್ದೆ,wet
ಏನು,what
ಏನಾದರೂ,whatever
ಚಕ್ರ,wheel
ಯಾವಾಗ,when
ಯಾವಾಗಲಾದರೂ,whenever
ಎಲ್ಲಿ,where
ಆದರೆ,whereas
ಎಂಬುದನ್ನು,whether
ಯಾವ,which
ಸಮಯದಲ್ಲಿ,while
ಗುಸುಗುಸು,whisper
ಬಿಳಿ,white
ಯಾರು,who
ಸಂಪೂರ್ಣ,whole
ಯಾರನ್ನು,whom
ಯಾರ,whose
ಏಕೆ,why
ಅಗಲ,wide
ವ್ಯಾಪಕವಾಗಿ,widely
ವ್ಯಾಪಕ,widespread
ಪತ್ನಿ,wife
ಕಾಡು,wild
ತಿನ್ನುವೆ,will
ಇಚ್ಛೆ,willing
ಗೆಲುವು,win
ಗಾಳಿ,wind
ಕಿಟಕಿ,window
ವೈನ್,wine
ರೆಕ್ಕೆ,wing
ವಿಜೇತ,winner
ಚಳಿಗಾಲ,winter
ಒರೆಸಿ,wipe
ತಂತಿ,wire
ಬುದ್ಧಿವಂತಿಕೆ,wisdom
ಬುದ್ಧಿವಂತ,wise
ಹಾರೈಕೆ,wish
ಜೊತೆ,with
ಹಿಂತೆಗೆದುಕೊಳ್ಳಿ,withdraw
ಒಳಗೆ,within
ಇಲ್ಲದೆ,without
ಸಾಕ್ಷಿ,witness
ಮಹಿಳೆ,woman
ಮಹಿಳೆಯರು,women
ಮಾಡುವುದಿಲ್ಲ,won’t
ಆಶ್ಚರ್ಯ,wonder
ಅದ್ಭುತ,wonderful
ಮರ,wood
ಮರದ,wooden
ಪದ,word
ಕೆಲಸ,work
ಕೆಲಸಗಾರ,worker
ಕೆಲಸ,working
ಕೆಲಸ ಮಾಡುತ್ತದೆ,works
ಕಾರ್ಯಾಗಾರ,workshop
ಜಗತ್ತು,world
ಚಿಂತೆ,worried
ಚಿಂತೆ,worry
ಮೌಲ್ಯದ,worth
ಎಂದು,would
ಗಾಯ,wound
ಸುತ್ತು,wrap
ಬರೆಯಿರಿ,write
ಬರಹಗಾರ,writer
ಬರೆಯುವುದು,writing
ಬರೆಯಲಾಗಿದೆ,written
ತಪ್ಪು,wrong
ಬರೆದಿದ್ದಾರೆ,wrote
ಅಂಗಳ,yard
ಹೌದು,yeah
ವರ್ಷ,year
ಕೂಗು,yell
ಹಳದಿ,yellow
ಹೌದು,yes
ನಿನ್ನೆ,yesterday
ಇನ್ನೂ,yet
ಇಳುವರಿ,yield
ನೀವು,you
ಯುವ,young
ನಿಮ್ಮ,your
ನಿಮ್ಮದು,yours
ನೀವೇ,yourself
ಯುವ ಜನ,youth
ಜೊಂಬಿ,zombie
ವಲಯ,zone
ಮೃಗಾಲಯ,zoo
ಪ್ರಾಣಿಶಾಸ್ತ್ರ,zoology